市县匹配键,特征值,特征数量,特征字段
东莞_东莞,聲母,7,語音特徵大類
东莞_东莞,聲調,23,語音特徵大類
东莞_东莞,非語音特徵,38,語音特徵大類
东莞_东莞,韻母,29,語音特徵大類
中山_中山,聲母,3,語音特徵大類
中山_中山,非語音特徵,3,語音特徵大類
云浮_新兴,韻母,2,語音特徵大類
云浮_罗定,聲調,2,語音特徵大類
云浮_罗定,非語音特徵,2,語音特徵大類
云浮_罗定,韻母,4,語音特徵大類
佛山_顺德,非語音特徵,10,語音特徵大類
佛山_顺德,韻母,1,語音特徵大類
佛山_高明,非語音特徵,8,語音特徵大類
广州_从化,聲調,5,語音特徵大類
广州_从化,非語音特徵,19,語音特徵大類
广州_从化,韻母,24,語音特徵大類
广州_南沙,聲調,5,語音特徵大類
广州_南沙,非語音特徵,19,語音特徵大類
广州_南沙,韻母,24,語音特徵大類
广州_增城,聲調,8,語音特徵大類
广州_增城,非語音特徵,31,語音特徵大類
广州_增城,韻母,28,語音特徵大類
广州_天河,聲調,5,語音特徵大類
广州_天河,非語音特徵,19,語音特徵大類
广州_天河,韻母,24,語音特徵大類
广州_海珠,聲調,5,語音特徵大類
广州_海珠,非語音特徵,19,語音特徵大類
广州_海珠,韻母,24,語音特徵大類
广州_番禺,聲母,2,語音特徵大類
广州_番禺,聲調,5,語音特徵大類
广州_番禺,非語音特徵,19,語音特徵大類
广州_番禺,韻母,24,語音特徵大類
广州_白云,聲調,5,語音特徵大類
广州_白云,非語音特徵,19,語音特徵大類
广州_白云,韻母,24,語音特徵大類
广州_花都,聲調,5,語音特徵大類
广州_花都,非語音特徵,19,語音特徵大類
广州_花都,韻母,24,語音特徵大類
广州_荔湾,聲調,5,語音特徵大類
广州_荔湾,非語音特徵,19,語音特徵大類
广州_荔湾,韻母,24,語音特徵大類
广州_越秀,聲母,5,語音特徵大類
广州_越秀,聲調,28,語音特徵大類
广州_越秀,非語音特徵,75,語音特徵大類
广州_越秀,韻母,54,語音特徵大類
广州_黄埔,聲調,5,語音特徵大類
广州_黄埔,非語音特徵,19,語音特徵大類
广州_黄埔,韻母,24,語音特徵大類
惠州_博罗,非語音特徵,7,語音特徵大類
惠州_博罗,韻母,4,語音特徵大類
惠州_惠东,非語音特徵,3,語音特徵大類
惠州_惠东,韻母,4,語音特徵大類
惠州_惠城,非語音特徵,7,語音特徵大類
惠州_惠城,韻母,4,語音特徵大類
惠州_惠阳,非語音特徵,13,語音特徵大類
惠州_惠阳,韻母,14,語音特徵大類
惠州_龙门,非語音特徵,3,語音特徵大類
惠州_龙门,韻母,4,語音特徵大類
揭阳_惠来,聲母,1,語音特徵大類
揭阳_惠来,非語音特徵,11,語音特徵大類
揭阳_惠来,韻母,19,語音特徵大類
揭阳_揭东,聲母,2,語音特徵大類
揭阳_揭东,非語音特徵,27,語音特徵大類
揭阳_揭东,韻母,36,語音特徵大類
揭阳_揭西,聲母,2,語音特徵大類
揭阳_揭西,非語音特徵,27,語音特徵大類
揭阳_揭西,韻母,36,語音特徵大類
揭阳_普宁,聲母,2,語音特徵大類
揭阳_普宁,聲調,10,語音特徵大類
揭阳_普宁,非語音特徵,46,語音特徵大類
揭阳_普宁,韻母,40,語音特徵大類
揭阳_榕城,聲母,1,語音特徵大類
揭阳_榕城,非語音特徵,11,語音特徵大類
揭阳_榕城,韻母,19,語音特徵大類
梅州_丰顺,聲母,2,語音特徵大類
梅州_丰顺,聲調,20,語音特徵大類
梅州_丰顺,非語音特徵,31,語音特徵大類
梅州_丰顺,韻母,35,語音特徵大類
梅州_五华,聲母,2,語音特徵大類
梅州_五华,聲調,19,語音特徵大類
梅州_五华,非語音特徵,33,語音特徵大類
梅州_五华,韻母,28,語音特徵大類
梅州_兴宁,聲母,4,語音特徵大類
梅州_兴宁,聲調,20,語音特徵大類
梅州_兴宁,非語音特徵,45,語音特徵大類
梅州_兴宁,韻母,46,語音特徵大類
梅州_大埔,聲母,2,語音特徵大類
梅州_大埔,聲調,104,語音特徵大類
梅州_大埔,非語音特徵,57,語音特徵大類
梅州_大埔,韻母,43,語音特徵大類
梅州_平远,聲母,2,語音特徵大類
梅州_平远,聲調,19,語音特徵大類
梅州_平远,非語音特徵,31,語音特徵大類
梅州_平远,韻母,28,語音特徵大類
梅州_梅县,聲母,2,語音特徵大類
梅州_梅县,聲調,19,語音特徵大類
梅州_梅县,非語音特徵,32,語音特徵大類
梅州_梅县,韻母,29,語音特徵大類
梅州_梅江,聲母,2,語音特徵大類
梅州_梅江,聲調,19,語音特徵大類
梅州_梅江,非語音特徵,32,語音特徵大類
梅州_梅江,韻母,28,語音特徵大類
梅州_蕉岭,聲母,4,語音特徵大類
梅州_蕉岭,聲調,30,語音特徵大類
梅州_蕉岭,非語音特徵,58,語音特徵大類
梅州_蕉岭,韻母,47,語音特徵大類
汕头_南澳,聲母,2,語音特徵大類
汕头_南澳,聲調,1,語音特徵大類
汕头_南澳,非語音特徵,25,語音特徵大類
汕头_南澳,韻母,34,語音特徵大類
汕头_潮南,聲母,1,語音特徵大類
汕头_潮南,非語音特徵,10,語音特徵大類
汕头_潮南,韻母,19,語音特徵大類
汕头_潮阳,聲母,2,語音特徵大類
汕头_潮阳,非語音特徵,23,語音特徵大類
汕头_潮阳,韻母,30,語音特徵大類
汕头_澄海,聲母,2,語音特徵大類
汕头_澄海,非語音特徵,44,語音特徵大類
汕头_澄海,韻母,49,語音特徵大類
汕头_濠江,聲母,1,語音特徵大類
汕头_濠江,非語音特徵,10,語音特徵大類
汕头_濠江,韻母,19,語音特徵大類
汕头_金平,聲母,1,語音特徵大類
汕头_金平,非語音特徵,10,語音特徵大類
汕头_金平,韻母,19,語音特徵大類
汕头_龙湖,聲母,1,語音特徵大類
汕头_龙湖,非語音特徵,10,語音特徵大類
汕头_龙湖,韻母,19,語音特徵大類
汕尾_海丰,非語音特徵,6,語音特徵大類
汕尾_海丰,韻母,1,語音特徵大類
江门_台山,非語音特徵,1,語音特徵大類
江门_台山,韻母,1,語音特徵大類
江门_开平,聲母,1,語音特徵大類
江门_开平,聲調,2,語音特徵大類
江门_开平,非語音特徵,11,語音特徵大類
江门_开平,韻母,6,語音特徵大類
江门_恩平,韻母,1,語音特徵大類
江门_新会,聲調,7,語音特徵大類
江门_新会,非語音特徵,4,語音特徵大類
江门_新会,韻母,3,語音特徵大類
江门_江海,聲調,1,語音特徵大類
江门_江海,非語音特徵,2,語音特徵大類
江门_江海,韻母,2,語音特徵大類
江门_蓬江,聲調,1,語音特徵大類
江门_蓬江,非語音特徵,2,語音特徵大類
江门_蓬江,韻母,2,語音特徵大類
江门_鹤山,聲調,3,語音特徵大類
江门_鹤山,非語音特徵,6,語音特徵大類
江门_鹤山,韻母,5,語音特徵大類
河源_东源,非語音特徵,4,語音特徵大類
河源_东源,韻母,8,語音特徵大類
河源_和平,非語音特徵,4,語音特徵大類
河源_源城,非語音特徵,4,語音特徵大類
河源_源城,韻母,8,語音特徵大類
河源_紫金,非語音特徵,4,語音特徵大類
河源_连平,非語音特徵,3,語音特徵大類
河源_龙川,聲調,1,語音特徵大類
河源_龙川,非語音特徵,10,語音特徵大類
河源_龙川,韻母,2,語音特徵大類
深圳_光明,韻母,1,語音特徵大類
深圳_南山,韻母,3,語音特徵大類
深圳_坪山,韻母,1,語音特徵大類
深圳_宝安,韻母,1,語音特徵大類
深圳_盐田,韻母,1,語音特徵大類
深圳_福田,韻母,1,語音特徵大類
深圳_罗湖,韻母,1,語音特徵大類
深圳_龙华,韻母,1,語音特徵大類
深圳_龙岗,韻母,1,語音特徵大類
清远_佛冈,非語音特徵,1,語音特徵大類
清远_清,聲母,1,語音特徵大類
清远_清,聲調,18,語音特徵大類
清远_清,非語音特徵,12,語音特徵大類
清远_清,韻母,3,語音特徵大類
清远_清城,聲母,1,語音特徵大類
清远_清城,聲調,18,語音特徵大類
清远_清城,非語音特徵,12,語音特徵大類
清远_清城,韻母,2,語音特徵大類
清远_英德,非語音特徵,1,語音特徵大類
清远_连南瑶族,非語音特徵,1,語音特徵大類
清远_连山壮族瑶族,非語音特徵,1,語音特徵大類
清远_连州,非語音特徵,4,語音特徵大類
清远_阳山,非語音特徵,1,語音特徵大類
湛江_吴川,聲母,3,語音特徵大類
湛江_吴川,聲調,1,語音特徵大類
湛江_吴川,非語音特徵,5,語音特徵大類
湛江_吴川,韻母,5,語音特徵大類
湛江_廉江,聲母,3,語音特徵大類
湛江_廉江,聲調,1,語音特徵大類
湛江_廉江,非語音特徵,15,語音特徵大類
湛江_廉江,韻母,5,語音特徵大類
湛江_徐闻,非語音特徵,21,語音特徵大類
湛江_遂溪,非語音特徵,13,語音特徵大類
湛江_雷州,非語音特徵,19,語音特徵大類
潮州_湘桥,聲母,1,語音特徵大類
潮州_湘桥,非語音特徵,12,語音特徵大類
潮州_湘桥,韻母,19,語音特徵大類
潮州_潮安,聲母,1,語音特徵大類
潮州_潮安,非語音特徵,12,語音特徵大類
潮州_潮安,韻母,19,語音特徵大類
潮州_饶平,聲母,1,語音特徵大類
潮州_饶平,非語音特徵,12,語音特徵大類
潮州_饶平,韻母,19,語音特徵大類
珠海_斗门,聲母,2,語音特徵大類
珠海_斗门,非語音特徵,2,語音特徵大類
珠海_金湾,聲母,2,語音特徵大類
珠海_金湾,非語音特徵,2,語音特徵大類
珠海_香洲,聲母,2,語音特徵大類
珠海_香洲,非語音特徵,2,語音特徵大類
肇庆_四会,非語音特徵,2,語音特徵大類
肇庆_四会,韻母,2,語音特徵大類
肇庆_封开,聲母,4,語音特徵大類
肇庆_封开,聲調,17,語音特徵大類
肇庆_封开,非語音特徵,19,語音特徵大類
肇庆_封开,韻母,8,語音特徵大類
肇庆_广宁,非語音特徵,2,語音特徵大類
肇庆_德庆,聲母,6,語音特徵大類
肇庆_德庆,聲調,18,語音特徵大類
肇庆_德庆,非語音特徵,22,語音特徵大類
肇庆_德庆,韻母,13,語音特徵大類
肇庆_怀集,非語音特徵,2,語音特徵大類
肇庆_端州,非語音特徵,2,語音特徵大類
肇庆_高要,非語音特徵,2,語音特徵大類
肇庆_高要,韻母,1,語音特徵大類
肇庆_鼎湖,非語音特徵,2,語音特徵大類
茂名_信宜,聲母,8,語音特徵大類
茂名_信宜,聲調,3,語音特徵大類
茂名_信宜,非語音特徵,14,語音特徵大類
茂名_信宜,韻母,15,語音特徵大類
茂名_化州,聲母,6,語音特徵大類
茂名_化州,聲調,2,語音特徵大類
茂名_化州,非語音特徵,11,語音特徵大類
茂名_化州,韻母,10,語音特徵大類
茂名_电白,聲母,6,語音特徵大類
茂名_电白,聲調,2,語音特徵大類
茂名_电白,非語音特徵,14,語音特徵大類
茂名_电白,韻母,10,語音特徵大類
茂名_茂南,聲母,5,語音特徵大類
茂名_茂南,聲調,2,語音特徵大類
茂名_茂南,非語音特徵,9,語音特徵大類
茂名_茂南,韻母,10,語音特徵大類
茂名_高州,聲母,8,語音特徵大類
茂名_高州,聲調,3,語音特徵大類
茂名_高州,非語音特徵,12,語音特徵大類
茂名_高州,韻母,15,語音特徵大類
阳江_江城,聲母,1,語音特徵大類
阳江_江城,聲調,4,語音特徵大類
阳江_江城,非語音特徵,7,語音特徵大類
阳江_江城,韻母,3,語音特徵大類
阳江_阳东,非語音特徵,3,語音特徵大類
阳江_阳春,非語音特徵,3,語音特徵大類
阳江_阳春,韻母,2,語音特徵大類
阳江_阳西,非語音特徵,4,語音特徵大類
韶关_乐昌,非語音特徵,4,語音特徵大類
韶关_乳源瑶族,非語音特徵,4,語音特徵大類
韶关_仁化,非語音特徵,4,語音特徵大類
韶关_南雄,非語音特徵,5,語音特徵大類
韶关_始兴,非語音特徵,4,語音特徵大類
韶关_新丰,非語音特徵,7,語音特徵大類
韶关_曲江,非語音特徵,4,語音特徵大類
韶关_武江,非語音特徵,4,語音特徵大類
韶关_浈江,非語音特徵,4,語音特徵大類
韶关_翁源,非語音特徵,4,語音特徵大類
东莞_东莞,D01 平聲讀去 / 平聲類去,7,語音特徵小類及編碼
东莞_东莞,D04 上聲讀平,5,語音特徵小類及編碼
东莞_东莞,D06 上去互變,4,語音特徵小類及編碼
东莞_东莞,D09 入聲變讀,4,語音特徵小類及編碼
东莞_东莞,D12 調值高下描述,3,語音特徵小類及編碼
东莞_东莞,S01 輕唇讀重唇 / 重唇音保存,1,語音特徵小類及編碼
东莞_东莞,S02 日母字異讀,1,語音特徵小類及編碼
东莞_东莞,S05 清濁聲母差異或清濁標記,5,語音特徵小類及編碼
东莞_东莞,U01 孤立詞音/備查,37,語音特徵小類及編碼
东莞_东莞,Y01 蟹攝內部近讀,13,語音特徵小類及編碼
东莞_东莞,Y04 效攝與果攝近讀 / 豪歌近混,1,語音特徵小類及編碼
东莞_东莞,Y06 有厚近混 / 流攝內部近讀,3,語音特徵小類及編碼
东莞_东莞,Y07 文魂近讀 / 臻攝內部近讀,12,語音特徵小類及編碼
中山_中山,S02 日母字異讀,3,語音特徵小類及編碼
云浮_新兴,Y03 遇止近讀 / 魚虞支微相通,1,語音特徵小類及編碼
云浮_新兴,Y07 文魂近讀 / 臻攝內部近讀,1,語音特徵小類及編碼
云浮_罗定,D04 上聲讀平,1,語音特徵小類及編碼
云浮_罗定,D12 調值高下描述,1,語音特徵小類及編碼
云浮_罗定,U01 孤立詞音/備查,1,語音特徵小類及編碼
云浮_罗定,Y01 蟹攝內部近讀,3,語音特徵小類及編碼
云浮_罗定,Y07 文魂近讀 / 臻攝內部近讀,1,語音特徵小類及編碼
佛山_顺德,U01 孤立詞音/備查,10,語音特徵小類及編碼
佛山_顺德,Y07 文魂近讀 / 臻攝內部近讀,1,語音特徵小類及編碼
广州_从化,D04 上聲讀平,4,語音特徵小類及編碼
广州_从化,D12 調值高下描述,1,語音特徵小類及編碼
广州_从化,U01 孤立詞音/備查,17,語音特徵小類及編碼
广州_从化,Y01 蟹攝內部近讀,9,語音特徵小類及編碼
广州_从化,Y03 遇止近讀 / 魚虞支微相通,3,語音特徵小類及編碼
广州_从化,Y05 效攝與遇攝近讀,7,語音特徵小類及編碼
广州_从化,Y06 有厚近混 / 流攝內部近讀,4,語音特徵小類及編碼
广州_从化,Y07 文魂近讀 / 臻攝內部近讀,1,語音特徵小類及編碼
广州_南沙,D04 上聲讀平,4,語音特徵小類及編碼
广州_南沙,D12 調值高下描述,1,語音特徵小類及編碼
广州_南沙,U01 孤立詞音/備查,17,語音特徵小類及編碼
广州_南沙,Y01 蟹攝內部近讀,9,語音特徵小類及編碼
广州_南沙,Y03 遇止近讀 / 魚虞支微相通,3,語音特徵小類及編碼
广州_南沙,Y05 效攝與遇攝近讀,7,語音特徵小類及編碼
广州_南沙,Y06 有厚近混 / 流攝內部近讀,4,語音特徵小類及編碼
广州_南沙,Y07 文魂近讀 / 臻攝內部近讀,1,語音特徵小類及編碼
广州_增城,D04 上聲讀平,6,語音特徵小類及編碼
广州_增城,D06 上去互變,1,語音特徵小類及編碼
广州_增城,D12 調值高下描述,1,語音特徵小類及編碼
广州_增城,U01 孤立詞音/備查,28,語音特徵小類及編碼
广州_增城,Y01 蟹攝內部近讀,11,語音特徵小類及編碼
广州_增城,Y03 遇止近讀 / 魚虞支微相通,3,語音特徵小類及編碼
广州_增城,Y05 效攝與遇攝近讀,7,語音特徵小類及編碼
广州_增城,Y06 有厚近混 / 流攝內部近讀,5,語音特徵小類及編碼
广州_增城,Y07 文魂近讀 / 臻攝內部近讀,2,語音特徵小類及編碼
广州_天河,D04 上聲讀平,4,語音特徵小類及編碼
广州_天河,D12 調值高下描述,1,語音特徵小類及編碼
广州_天河,U01 孤立詞音/備查,17,語音特徵小類及編碼
广州_天河,Y01 蟹攝內部近讀,9,語音特徵小類及編碼
广州_天河,Y03 遇止近讀 / 魚虞支微相通,3,語音特徵小類及編碼
广州_天河,Y05 效攝與遇攝近讀,7,語音特徵小類及編碼
广州_天河,Y06 有厚近混 / 流攝內部近讀,4,語音特徵小類及編碼
广州_天河,Y07 文魂近讀 / 臻攝內部近讀,1,語音特徵小類及編碼
广州_海珠,D04 上聲讀平,4,語音特徵小類及編碼
广州_海珠,D12 調值高下描述,1,語音特徵小類及編碼
广州_海珠,U01 孤立詞音/備查,17,語音特徵小類及編碼
广州_海珠,Y01 蟹攝內部近讀,9,語音特徵小類及編碼
广州_海珠,Y03 遇止近讀 / 魚虞支微相通,3,語音特徵小類及編碼
广州_海珠,Y05 效攝與遇攝近讀,7,語音特徵小類及編碼
广州_海珠,Y06 有厚近混 / 流攝內部近讀,4,語音特徵小類及編碼
广州_海珠,Y07 文魂近讀 / 臻攝內部近讀,1,語音特徵小類及編碼
广州_番禺,D04 上聲讀平,4,語音特徵小類及編碼
广州_番禺,D12 調值高下描述,1,語音特徵小類及編碼
广州_番禺,S02 日母字異讀,2,語音特徵小類及編碼
广州_番禺,U01 孤立詞音/備查,17,語音特徵小類及編碼
广州_番禺,Y01 蟹攝內部近讀,9,語音特徵小類及編碼
广州_番禺,Y03 遇止近讀 / 魚虞支微相通,3,語音特徵小類及編碼
广州_番禺,Y05 效攝與遇攝近讀,7,語音特徵小類及編碼
广州_番禺,Y06 有厚近混 / 流攝內部近讀,4,語音特徵小類及編碼
广州_番禺,Y07 文魂近讀 / 臻攝內部近讀,1,語音特徵小類及編碼
广州_白云,D04 上聲讀平,4,語音特徵小類及編碼
广州_白云,D12 調值高下描述,1,語音特徵小類及編碼
广州_白云,U01 孤立詞音/備查,17,語音特徵小類及編碼
广州_白云,Y01 蟹攝內部近讀,9,語音特徵小類及編碼
广州_白云,Y03 遇止近讀 / 魚虞支微相通,3,語音特徵小類及編碼
广州_白云,Y05 效攝與遇攝近讀,7,語音特徵小類及編碼
广州_白云,Y06 有厚近混 / 流攝內部近讀,4,語音特徵小類及編碼
广州_白云,Y07 文魂近讀 / 臻攝內部近讀,1,語音特徵小類及編碼
广州_花都,D04 上聲讀平,4,語音特徵小類及編碼
广州_花都,D12 調值高下描述,1,語音特徵小類及編碼
广州_花都,U01 孤立詞音/備查,17,語音特徵小類及編碼
广州_花都,Y01 蟹攝內部近讀,9,語音特徵小類及編碼
广州_花都,Y03 遇止近讀 / 魚虞支微相通,3,語音特徵小類及編碼
广州_花都,Y05 效攝與遇攝近讀,7,語音特徵小類及編碼
广州_花都,Y06 有厚近混 / 流攝內部近讀,4,語音特徵小類及編碼
广州_花都,Y07 文魂近讀 / 臻攝內部近讀,1,語音特徵小類及編碼
广州_荔湾,D04 上聲讀平,4,語音特徵小類及編碼
广州_荔湾,D12 調值高下描述,1,語音特徵小類及編碼
广州_荔湾,U01 孤立詞音/備查,17,語音特徵小類及編碼
广州_荔湾,Y01 蟹攝內部近讀,9,語音特徵小類及編碼
广州_荔湾,Y03 遇止近讀 / 魚虞支微相通,3,語音特徵小類及編碼
广州_荔湾,Y05 效攝與遇攝近讀,7,語音特徵小類及編碼
广州_荔湾,Y06 有厚近混 / 流攝內部近讀,4,語音特徵小類及編碼
广州_荔湾,Y07 文魂近讀 / 臻攝內部近讀,1,語音特徵小類及編碼
广州_越秀,D04 上聲讀平,10,語音特徵小類及編碼
广州_越秀,D06 上去互變,14,語音特徵小類及編碼
广州_越秀,D09 入聲變讀,2,語音特徵小類及編碼
广州_越秀,D12 調值高下描述,2,語音特徵小類及編碼
广州_越秀,S01 輕唇讀重唇 / 重唇音保存,4,語音特徵小類及編碼
广州_越秀,S05 清濁聲母差異或清濁標記,1,語音特徵小類及編碼
广州_越秀,U01 孤立詞音/備查,73,語音特徵小類及編碼
广州_越秀,Y01 蟹攝內部近讀,24,語音特徵小類及編碼
广州_越秀,Y03 遇止近讀 / 魚虞支微相通,6,語音特徵小類及編碼
广州_越秀,Y05 效攝與遇攝近讀,7,語音特徵小類及編碼
广州_越秀,Y06 有厚近混 / 流攝內部近讀,8,語音特徵小類及編碼
广州_越秀,Y07 文魂近讀 / 臻攝內部近讀,8,語音特徵小類及編碼
广州_越秀,Y11 入聲韻近讀,1,語音特徵小類及編碼
广州_黄埔,D04 上聲讀平,4,語音特徵小類及編碼
广州_黄埔,D12 調值高下描述,1,語音特徵小類及編碼
广州_黄埔,U01 孤立詞音/備查,17,語音特徵小類及編碼
广州_黄埔,Y01 蟹攝內部近讀,9,語音特徵小類及編碼
广州_黄埔,Y03 遇止近讀 / 魚虞支微相通,3,語音特徵小類及編碼
广州_黄埔,Y05 效攝與遇攝近讀,7,語音特徵小類及編碼
广州_黄埔,Y06 有厚近混 / 流攝內部近讀,4,語音特徵小類及編碼
广州_黄埔,Y07 文魂近讀 / 臻攝內部近讀,1,語音特徵小類及編碼
惠州_博罗,Y01 蟹攝內部近讀,2,語音特徵小類及編碼
惠州_博罗,Y02 庚陽近混 / 梗宕近讀,2,語音特徵小類及編碼
惠州_惠东,Y01 蟹攝內部近讀,2,語音特徵小類及編碼
惠州_惠东,Y02 庚陽近混 / 梗宕近讀,2,語音特徵小類及編碼
惠州_惠城,Y01 蟹攝內部近讀,2,語音特徵小類及編碼
惠州_惠城,Y02 庚陽近混 / 梗宕近讀,2,語音特徵小類及編碼
惠州_惠阳,U01 孤立詞音/備查,1,語音特徵小類及編碼
惠州_惠阳,Y01 蟹攝內部近讀,5,語音特徵小類及編碼
惠州_惠阳,Y02 庚陽近混 / 梗宕近讀,3,語音特徵小類及編碼
惠州_惠阳,Y06 有厚近混 / 流攝內部近讀,1,語音特徵小類及編碼
惠州_惠阳,Y07 文魂近讀 / 臻攝內部近讀,5,語音特徵小類及編碼
惠州_龙门,Y01 蟹攝內部近讀,2,語音特徵小類及編碼
惠州_龙门,Y02 庚陽近混 / 梗宕近讀,2,語音特徵小類及編碼
揭阳_惠来,S03 疑母、影母、云母、匣母相關混讀,1,語音特徵小類及編碼
揭阳_惠来,U01 孤立詞音/備查,7,語音特徵小類及編碼
揭阳_惠来,Y01 蟹攝內部近讀,12,語音特徵小類及編碼
揭阳_惠来,Y06 有厚近混 / 流攝內部近讀,5,語音特徵小類及編碼
揭阳_惠来,Y07 文魂近讀 / 臻攝內部近讀,2,語音特徵小類及編碼
揭阳_揭东,S03 疑母、影母、云母、匣母相關混讀,2,語音特徵小類及編碼
揭阳_揭东,U01 孤立詞音/備查,22,語音特徵小類及編碼
揭阳_揭东,Y01 蟹攝內部近讀,20,語音特徵小類及編碼
揭阳_揭东,Y06 有厚近混 / 流攝內部近讀,12,語音特徵小類及編碼
揭阳_揭东,Y07 文魂近讀 / 臻攝內部近讀,3,語音特徵小類及編碼
揭阳_揭东,Y12 其他韻母異讀,1,語音特徵小類及編碼
揭阳_揭西,S03 疑母、影母、云母、匣母相關混讀,2,語音特徵小類及編碼
揭阳_揭西,U01 孤立詞音/備查,22,語音特徵小類及編碼
揭阳_揭西,Y01 蟹攝內部近讀,20,語音特徵小類及編碼
揭阳_揭西,Y06 有厚近混 / 流攝內部近讀,12,語音特徵小類及編碼
揭阳_揭西,Y07 文魂近讀 / 臻攝內部近讀,3,語音特徵小類及編碼
揭阳_揭西,Y12 其他韻母異讀,1,語音特徵小類及編碼
揭阳_普宁,D04 上聲讀平,2,語音特徵小類及編碼
揭阳_普宁,D06 上去互變,3,語音特徵小類及編碼
揭阳_普宁,D12 調值高下描述,5,語音特徵小類及編碼
揭阳_普宁,S03 疑母、影母、云母、匣母相關混讀,2,語音特徵小類及編碼
揭阳_普宁,U01 孤立詞音/備查,42,語音特徵小類及編碼
揭阳_普宁,Y01 蟹攝內部近讀,18,語音特徵小類及編碼
揭阳_普宁,Y03 遇止近讀 / 魚虞支微相通,1,語音特徵小類及編碼
揭阳_普宁,Y06 有厚近混 / 流攝內部近讀,12,語音特徵小類及編碼
揭阳_普宁,Y07 文魂近讀 / 臻攝內部近讀,8,語音特徵小類及編碼
揭阳_普宁,Y11 入聲韻近讀,1,語音特徵小類及編碼
揭阳_榕城,S03 疑母、影母、云母、匣母相關混讀,1,語音特徵小類及編碼
揭阳_榕城,U01 孤立詞音/備查,7,語音特徵小類及編碼
揭阳_榕城,Y01 蟹攝內部近讀,12,語音特徵小類及編碼
揭阳_榕城,Y06 有厚近混 / 流攝內部近讀,5,語音特徵小類及編碼
揭阳_榕城,Y07 文魂近讀 / 臻攝內部近讀,2,語音特徵小類及編碼
梅州_丰顺,D04 上聲讀平,1,語音特徵小類及編碼
梅州_丰顺,D06 上去互變,8,語音特徵小類及編碼
梅州_丰顺,D09 入聲變讀,1,語音特徵小類及編碼
梅州_丰顺,D12 調值高下描述,10,語音特徵小類及編碼
梅州_丰顺,S03 疑母、影母、云母、匣母相關混讀,2,語音特徵小類及編碼
梅州_丰顺,U01 孤立詞音/備查,25,語音特徵小類及編碼
梅州_丰顺,Y01 蟹攝內部近讀,8,語音特徵小類及編碼
梅州_丰顺,Y03 遇止近讀 / 魚虞支微相通,2,語音特徵小類及編碼
梅州_丰顺,Y06 有厚近混 / 流攝內部近讀,8,語音特徵小類及編碼
梅州_丰顺,Y07 文魂近讀 / 臻攝內部近讀,8,語音特徵小類及編碼
梅州_丰顺,Y08 梗攝入臻攝,4,語音特徵小類及編碼
梅州_丰顺,Y12 其他韻母異讀,5,語音特徵小類及編碼
梅州_五华,D04 上聲讀平,1,語音特徵小類及編碼
梅州_五华,D06 上去互變,8,語音特徵小類及編碼
梅州_五华,D09 入聲變讀,1,語音特徵小類及編碼
梅州_五华,D12 調值高下描述,9,語音特徵小類及編碼
梅州_五华,S03 疑母、影母、云母、匣母相關混讀,2,語音特徵小類及編碼
梅州_五华,U01 孤立詞音/備查,24,語音特徵小類及編碼
梅州_五华,Y01 蟹攝內部近讀,6,語音特徵小類及編碼
梅州_五华,Y03 遇止近讀 / 魚虞支微相通,1,語音特徵小類及編碼
梅州_五华,Y06 有厚近混 / 流攝內部近讀,7,語音特徵小類及編碼
梅州_五华,Y07 文魂近讀 / 臻攝內部近讀,7,語音特徵小類及編碼
梅州_五华,Y08 梗攝入臻攝,4,語音特徵小類及編碼
梅州_五华,Y12 其他韻母異讀,3,語音特徵小類及編碼
梅州_兴宁,D04 上聲讀平,2,語音特徵小類及編碼
梅州_兴宁,D06 上去互變,8,語音特徵小類及編碼
梅州_兴宁,D09 入聲變讀,1,語音特徵小類及編碼
梅州_兴宁,D12 調值高下描述,9,語音特徵小類及編碼
梅州_兴宁,S03 疑母、影母、云母、匣母相關混讀,4,語音特徵小類及編碼
梅州_兴宁,U01 孤立詞音/備查,34,語音特徵小類及編碼
梅州_兴宁,Y01 蟹攝內部近讀,10,語音特徵小類及編碼
梅州_兴宁,Y02 庚陽近混 / 梗宕近讀,1,語音特徵小類及編碼
梅州_兴宁,Y03 遇止近讀 / 魚虞支微相通,1,語音特徵小類及編碼
梅州_兴宁,Y06 有厚近混 / 流攝內部近讀,9,語音特徵小類及編碼
梅州_兴宁,Y07 文魂近讀 / 臻攝內部近讀,9,語音特徵小類及編碼
梅州_兴宁,Y08 梗攝入臻攝,4,語音特徵小類及編碼
梅州_兴宁,Y12 其他韻母異讀,12,語音特徵小類及編碼
梅州_大埔,D04 上聲讀平,21,語音特徵小類及編碼
梅州_大埔,D06 上去互變,31,語音特徵小類及編碼
梅州_大埔,D09 入聲變讀,12,語音特徵小類及編碼
梅州_大埔,D12 調值高下描述,39,語音特徵小類及編碼
梅州_大埔,S03 疑母、影母、云母、匣母相關混讀,2,語音特徵小類及編碼
梅州_大埔,U01 孤立詞音/備查,48,語音特徵小類及編碼
梅州_大埔,Y01 蟹攝內部近讀,12,語音特徵小類及編碼
梅州_大埔,Y03 遇止近讀 / 魚虞支微相通,4,語音特徵小類及編碼
梅州_大埔,Y06 有厚近混 / 流攝內部近讀,10,語音特徵小類及編碼
梅州_大埔,Y07 文魂近讀 / 臻攝內部近讀,10,語音特徵小類及編碼
梅州_大埔,Y08 梗攝入臻攝,4,語音特徵小類及編碼
梅州_大埔,Y12 其他韻母異讀,3,語音特徵小類及編碼
梅州_大埔,強讀ㄑㄧ·ㄤ陽平,1,語音特徵小類及編碼
梅州_平远,D04 上聲讀平,1,語音特徵小類及編碼
梅州_平远,D06 上去互變,8,語音特徵小類及編碼
梅州_平远,D09 入聲變讀,1,語音特徵小類及編碼
梅州_平远,D12 調值高下描述,9,語音特徵小類及編碼
梅州_平远,S03 疑母、影母、云母、匣母相關混讀,2,語音特徵小類及編碼
梅州_平远,U01 孤立詞音/備查,24,語音特徵小類及編碼
梅州_平远,Y01 蟹攝內部近讀,6,語音特徵小類及編碼
梅州_平远,Y03 遇止近讀 / 魚虞支微相通,1,語音特徵小類及編碼
梅州_平远,Y06 有厚近混 / 流攝內部近讀,7,語音特徵小類及編碼
梅州_平远,Y07 文魂近讀 / 臻攝內部近讀,7,語音特徵小類及編碼
梅州_平远,Y08 梗攝入臻攝,4,語音特徵小類及編碼
梅州_平远,Y12 其他韻母異讀,3,語音特徵小類及編碼
梅州_梅县,D04 上聲讀平,1,語音特徵小類及編碼
梅州_梅县,D06 上去互變,8,語音特徵小類及編碼
梅州_梅县,D09 入聲變讀,1,語音特徵小類及編碼
梅州_梅县,D12 調值高下描述,9,語音特徵小類及編碼
梅州_梅县,S03 疑母、影母、云母、匣母相關混讀,2,語音特徵小類及編碼
梅州_梅县,U01 孤立詞音/備查,24,語音特徵小類及編碼
梅州_梅县,Y01 蟹攝內部近讀,6,語音特徵小類及編碼
梅州_梅县,Y03 遇止近讀 / 魚虞支微相通,1,語音特徵小類及編碼
梅州_梅县,Y06 有厚近混 / 流攝內部近讀,7,語音特徵小類及編碼
梅州_梅县,Y07 文魂近讀 / 臻攝內部近讀,7,語音特徵小類及編碼
梅州_梅县,Y08 梗攝入臻攝,4,語音特徵小類及編碼
梅州_梅县,Y12 其他韻母異讀,4,語音特徵小類及編碼
梅州_梅江,D04 上聲讀平,1,語音特徵小類及編碼
梅州_梅江,D06 上去互變,8,語音特徵小類及編碼
梅州_梅江,D09 入聲變讀,1,語音特徵小類及編碼
梅州_梅江,D12 調值高下描述,9,語音特徵小類及編碼
梅州_梅江,S03 疑母、影母、云母、匣母相關混讀,2,語音特徵小類及編碼
梅州_梅江,U01 孤立詞音/備查,24,語音特徵小類及編碼
梅州_梅江,Y01 蟹攝內部近讀,6,語音特徵小類及編碼
梅州_梅江,Y03 遇止近讀 / 魚虞支微相通,1,語音特徵小類及編碼
梅州_梅江,Y06 有厚近混 / 流攝內部近讀,7,語音特徵小類及編碼
梅州_梅江,Y07 文魂近讀 / 臻攝內部近讀,7,語音特徵小類及編碼
梅州_梅江,Y08 梗攝入臻攝,4,語音特徵小類及編碼
梅州_梅江,Y12 其他韻母異讀,3,語音特徵小類及編碼
梅州_蕉岭,D04 上聲讀平,2,語音特徵小類及編碼
梅州_蕉岭,D06 上去互變,13,語音特徵小類及編碼
梅州_蕉岭,D09 入聲變讀,4,語音特徵小類及編碼
梅州_蕉岭,D12 調值高下描述,11,語音特徵小類及編碼
梅州_蕉岭,S03 疑母、影母、云母、匣母相關混讀,4,語音特徵小類及編碼
梅州_蕉岭,U01 孤立詞音/備查,50,語音特徵小類及編碼
梅州_蕉岭,Y01 蟹攝內部近讀,13,語音特徵小類及編碼
梅州_蕉岭,Y03 遇止近讀 / 魚虞支微相通,1,語音特徵小類及編碼
梅州_蕉岭,Y04 效攝與果攝近讀 / 豪歌近混,1,語音特徵小類及編碼
梅州_蕉岭,Y06 有厚近混 / 流攝內部近讀,9,語音特徵小類及編碼
梅州_蕉岭,Y07 文魂近讀 / 臻攝內部近讀,16,語音特徵小類及編碼
梅州_蕉岭,Y08 梗攝入臻攝,4,語音特徵小類及編碼
梅州_蕉岭,Y12 其他韻母異讀,3,語音特徵小類及編碼
汕头_南澳,D04 上聲讀平,1,語音特徵小類及編碼
汕头_南澳,S03 疑母、影母、云母、匣母相關混讀,2,語音特徵小類及編碼
汕头_南澳,U01 孤立詞音/備查,22,語音特徵小類及編碼
汕头_南澳,Y01 蟹攝內部近讀,15,語音特徵小類及編碼
汕头_南澳,Y06 有厚近混 / 流攝內部近讀,10,語音特徵小類及編碼
汕头_南澳,Y07 文魂近讀 / 臻攝內部近讀,9,語音特徵小類及編碼
汕头_潮南,S03 疑母、影母、云母、匣母相關混讀,1,語音特徵小類及編碼
汕头_潮南,U01 孤立詞音/備查,7,語音特徵小類及編碼
汕头_潮南,Y01 蟹攝內部近讀,12,語音特徵小類及編碼
汕头_潮南,Y06 有厚近混 / 流攝內部近讀,5,語音特徵小類及編碼
汕头_潮南,Y07 文魂近讀 / 臻攝內部近讀,2,語音特徵小類及編碼
汕头_潮阳,S03 疑母、影母、云母、匣母相關混讀,2,語音特徵小類及編碼
汕头_潮阳,U01 孤立詞音/備查,20,語音特徵小類及編碼
汕头_潮阳,Y01 蟹攝內部近讀,14,語音特徵小類及編碼
汕头_潮阳,Y03 遇止近讀 / 魚虞支微相通,1,語音特徵小類及編碼
汕头_潮阳,Y06 有厚近混 / 流攝內部近讀,10,語音特徵小類及編碼
汕头_潮阳,Y07 文魂近讀 / 臻攝內部近讀,4,語音特徵小類及編碼
汕头_潮阳,Y11 入聲韻近讀,1,語音特徵小類及編碼
汕头_澄海,S03 疑母、影母、云母、匣母相關混讀,2,語音特徵小類及編碼
汕头_澄海,U01 孤立詞音/備查,40,語音特徵小類及編碼
汕头_澄海,Y01 蟹攝內部近讀,18,語音特徵小類及編碼
汕头_澄海,Y03 遇止近讀 / 魚虞支微相通,1,語音特徵小類及編碼
汕头_澄海,Y06 有厚近混 / 流攝內部近讀,20,語音特徵小類及編碼
汕头_澄海,Y07 文魂近讀 / 臻攝內部近讀,10,語音特徵小類及編碼
汕头_濠江,S03 疑母、影母、云母、匣母相關混讀,1,語音特徵小類及編碼
汕头_濠江,U01 孤立詞音/備查,7,語音特徵小類及編碼
汕头_濠江,Y01 蟹攝內部近讀,12,語音特徵小類及編碼
汕头_濠江,Y06 有厚近混 / 流攝內部近讀,5,語音特徵小類及編碼
汕头_濠江,Y07 文魂近讀 / 臻攝內部近讀,2,語音特徵小類及編碼
汕头_金平,S03 疑母、影母、云母、匣母相關混讀,1,語音特徵小類及編碼
汕头_金平,U01 孤立詞音/備查,7,語音特徵小類及編碼
汕头_金平,Y01 蟹攝內部近讀,12,語音特徵小類及編碼
汕头_金平,Y06 有厚近混 / 流攝內部近讀,5,語音特徵小類及編碼
汕头_金平,Y07 文魂近讀 / 臻攝內部近讀,2,語音特徵小類及編碼
汕头_龙湖,S03 疑母、影母、云母、匣母相關混讀,1,語音特徵小類及編碼
汕头_龙湖,U01 孤立詞音/備查,7,語音特徵小類及編碼
汕头_龙湖,Y01 蟹攝內部近讀,12,語音特徵小類及編碼
汕头_龙湖,Y06 有厚近混 / 流攝內部近讀,5,語音特徵小類及編碼
汕头_龙湖,Y07 文魂近讀 / 臻攝內部近讀,2,語音特徵小類及編碼
汕尾_海丰,Y01 蟹攝內部近讀,1,語音特徵小類及編碼
江门_台山,U01 孤立詞音/備查,1,語音特徵小類及編碼
江门_台山,Y04 效攝與果攝近讀 / 豪歌近混,1,語音特徵小類及編碼
江门_开平,D07 平仄相易 / 平仄相反,1,語音特徵小類及編碼
江门_开平,D12 調值高下描述,1,語音特徵小類及編碼
江门_开平,S04 精莊知章組近混,1,語音特徵小類及編碼
江门_开平,U01 孤立詞音/備查,4,語音特徵小類及編碼
江门_开平,Y01 蟹攝內部近讀,1,語音特徵小類及編碼
江门_开平,Y03 遇止近讀 / 魚虞支微相通,1,語音特徵小類及編碼
江门_开平,Y04 效攝與果攝近讀 / 豪歌近混,1,語音特徵小類及編碼
江门_开平,Y06 有厚近混 / 流攝內部近讀,1,語音特徵小類及編碼
江门_开平,Y07 文魂近讀 / 臻攝內部近讀,1,語音特徵小類及編碼
江门_开平,Y12 其他韻母異讀,1,語音特徵小類及編碼
江门_恩平,Y04 效攝與果攝近讀 / 豪歌近混,1,語音特徵小類及編碼
江门_新会,D01 平聲讀去 / 平聲類去,4,語音特徵小類及編碼
江门_新会,D06 上去互變,1,語音特徵小類及編碼
江门_新会,D07 平仄相易 / 平仄相反,2,語音特徵小類及編碼
江门_新会,U01 孤立詞音/備查,2,語音特徵小類及編碼
江门_新会,Y04 效攝與果攝近讀 / 豪歌近混,2,語音特徵小類及編碼
江门_新会,Y12 其他韻母異讀,1,語音特徵小類及編碼
江门_江海,D06 上去互變,1,語音特徵小類及編碼
江门_江海,U01 孤立詞音/備查,1,語音特徵小類及編碼
江门_江海,Y04 效攝與果攝近讀 / 豪歌近混,1,語音特徵小類及編碼
江门_江海,Y12 其他韻母異讀,1,語音特徵小類及編碼
江门_蓬江,D06 上去互變,1,語音特徵小類及編碼
江门_蓬江,U01 孤立詞音/備查,1,語音特徵小類及編碼
江门_蓬江,Y04 效攝與果攝近讀 / 豪歌近混,1,語音特徵小類及編碼
江门_蓬江,Y12 其他韻母異讀,1,語音特徵小類及編碼
江门_鹤山,D01 平聲讀去 / 平聲類去,1,語音特徵小類及編碼
江门_鹤山,D02 平聲讀仄,1,語音特徵小類及編碼
江门_鹤山,D09 入聲變讀,1,語音特徵小類及編碼
江门_鹤山,U01 孤立詞音/備查,4,語音特徵小類及編碼
江门_鹤山,Y04 效攝與果攝近讀 / 豪歌近混,1,語音特徵小類及編碼
江门_鹤山,Y06 有厚近混 / 流攝內部近讀,3,語音特徵小類及編碼
江门_鹤山,Y12 其他韻母異讀,1,語音特徵小類及編碼
河源_东源,Y01 蟹攝內部近讀,3,語音特徵小類及編碼
河源_东源,Y02 庚陽近混 / 梗宕近讀,1,語音特徵小類及編碼
河源_东源,Y12 其他韻母異讀,4,語音特徵小類及編碼
河源_源城,Y01 蟹攝內部近讀,3,語音特徵小類及編碼
河源_源城,Y02 庚陽近混 / 梗宕近讀,1,語音特徵小類及編碼
河源_源城,Y12 其他韻母異讀,4,語音特徵小類及編碼
河源_龙川,D06 上去互變,1,語音特徵小類及編碼
河源_龙川,U01 孤立詞音/備查,6,語音特徵小類及編碼
河源_龙川,Y01 蟹攝內部近讀,1,語音特徵小類及編碼
河源_龙川,Y12 其他韻母異讀,1,語音特徵小類及編碼
深圳_光明,Y12 其他韻母異讀,1,語音特徵小類及編碼
深圳_南山,Y04 效攝與果攝近讀 / 豪歌近混,2,語音特徵小類及編碼
深圳_南山,Y12 其他韻母異讀,1,語音特徵小類及編碼
深圳_坪山,Y12 其他韻母異讀,1,語音特徵小類及編碼
深圳_宝安,Y12 其他韻母異讀,1,語音特徵小類及編碼
深圳_盐田,Y12 其他韻母異讀,1,語音特徵小類及編碼
深圳_福田,Y12 其他韻母異讀,1,語音特徵小類及編碼
深圳_罗湖,Y12 其他韻母異讀,1,語音特徵小類及編碼
深圳_龙华,Y12 其他韻母異讀,1,語音特徵小類及編碼
深圳_龙岗,Y12 其他韻母異讀,1,語音特徵小類及編碼
清远_清,D04 上聲讀平,6,語音特徵小類及編碼
清远_清,D06 上去互變,4,語音特徵小類及編碼
清远_清,D09 入聲變讀,4,語音特徵小類及編碼
清远_清,D12 調值高下描述,4,語音特徵小類及編碼
清远_清,S05 清濁聲母差異或清濁標記,1,語音特徵小類及編碼
清远_清,U01 孤立詞音/備查,10,語音特徵小類及編碼
清远_清,Y01 蟹攝內部近讀,1,語音特徵小類及編碼
清远_清,Y06 有厚近混 / 流攝內部近讀,1,語音特徵小類及編碼
清远_清,Y07 文魂近讀 / 臻攝內部近讀,1,語音特徵小類及編碼
清远_清城,D04 上聲讀平,6,語音特徵小類及編碼
清远_清城,D06 上去互變,4,語音特徵小類及編碼
清远_清城,D09 入聲變讀,4,語音特徵小類及編碼
清远_清城,D12 調值高下描述,4,語音特徵小類及編碼
清远_清城,S05 清濁聲母差異或清濁標記,1,語音特徵小類及編碼
清远_清城,U01 孤立詞音/備查,10,語音特徵小類及編碼
清远_清城,Y01 蟹攝內部近讀,1,語音特徵小類及編碼
清远_清城,Y07 文魂近讀 / 臻攝內部近讀,1,語音特徵小類及編碼
湛江_吴川,D07 平仄相易 / 平仄相反,1,語音特徵小類及編碼
湛江_吴川,S02 日母字異讀,1,語音特徵小類及編碼
湛江_吴川,S04 精莊知章組近混,2,語音特徵小類及編碼
湛江_吴川,Y06 有厚近混 / 流攝內部近讀,2,語音特徵小類及編碼
湛江_吴川,Y07 文魂近讀 / 臻攝內部近讀,2,語音特徵小類及編碼
湛江_吴川,Y12 其他韻母異讀,1,語音特徵小類及編碼
湛江_廉江,D07 平仄相易 / 平仄相反,1,語音特徵小類及編碼
湛江_廉江,S02 日母字異讀,1,語音特徵小類及編碼
湛江_廉江,S04 精莊知章組近混,2,語音特徵小類及編碼
湛江_廉江,Y06 有厚近混 / 流攝內部近讀,2,語音特徵小類及編碼
湛江_廉江,Y07 文魂近讀 / 臻攝內部近讀,2,語音特徵小類及編碼
湛江_廉江,Y12 其他韻母異讀,1,語音特徵小類及編碼
潮州_湘桥,S03 疑母、影母、云母、匣母相關混讀,1,語音特徵小類及編碼
潮州_湘桥,U01 孤立詞音/備查,7,語音特徵小類及編碼
潮州_湘桥,Y01 蟹攝內部近讀,12,語音特徵小類及編碼
潮州_湘桥,Y06 有厚近混 / 流攝內部近讀,5,語音特徵小類及編碼
潮州_湘桥,Y07 文魂近讀 / 臻攝內部近讀,2,語音特徵小類及編碼
潮州_潮安,S03 疑母、影母、云母、匣母相關混讀,1,語音特徵小類及編碼
潮州_潮安,U01 孤立詞音/備查,7,語音特徵小類及編碼
潮州_潮安,Y01 蟹攝內部近讀,12,語音特徵小類及編碼
潮州_潮安,Y06 有厚近混 / 流攝內部近讀,5,語音特徵小類及編碼
潮州_潮安,Y07 文魂近讀 / 臻攝內部近讀,2,語音特徵小類及編碼
潮州_饶平,S03 疑母、影母、云母、匣母相關混讀,1,語音特徵小類及編碼
潮州_饶平,U01 孤立詞音/備查,7,語音特徵小類及編碼
潮州_饶平,Y01 蟹攝內部近讀,12,語音特徵小類及編碼
潮州_饶平,Y06 有厚近混 / 流攝內部近讀,5,語音特徵小類及編碼
潮州_饶平,Y07 文魂近讀 / 臻攝內部近讀,2,語音特徵小類及編碼
珠海_斗门,S02 日母字異讀,2,語音特徵小類及編碼
珠海_金湾,S02 日母字異讀,2,語音特徵小類及編碼
珠海_香洲,S02 日母字異讀,2,語音特徵小類及編碼
肇庆_四会,Y02 庚陽近混 / 梗宕近讀,2,語音特徵小類及編碼
肇庆_封开,D06 上去互變,3,語音特徵小類及編碼
肇庆_封开,D08 入聲保存,1,語音特徵小類及編碼
肇庆_封开,D11 連讀變調 / 語流變調,5,語音特徵小類及編碼
肇庆_封开,D12 調值高下描述,8,語音特徵小類及編碼
肇庆_封开,S02 日母字異讀,1,語音特徵小類及編碼
肇庆_封开,S05 清濁聲母差異或清濁標記,3,語音特徵小類及編碼
肇庆_封开,U01 孤立詞音/備查,16,語音特徵小類及編碼
肇庆_封开,Y01 蟹攝內部近讀,4,語音特徵小類及編碼
肇庆_封开,Y06 有厚近混 / 流攝內部近讀,2,語音特徵小類及編碼
肇庆_封开,Y07 文魂近讀 / 臻攝內部近讀,2,語音特徵小類及編碼
肇庆_德庆,D06 上去互變,3,語音特徵小類及編碼
肇庆_德庆,D08 入聲保存,1,語音特徵小類及編碼
肇庆_德庆,D09 入聲變讀,1,語音特徵小類及編碼
肇庆_德庆,D11 連讀變調 / 語流變調,5,語音特徵小類及編碼
肇庆_德庆,D12 調值高下描述,8,語音特徵小類及編碼
肇庆_德庆,S02 日母字異讀,1,語音特徵小類及編碼
肇庆_德庆,S05 清濁聲母差異或清濁標記,4,語音特徵小類及編碼
肇庆_德庆,S06 齒縫音缺失或齒音特徵,1,語音特徵小類及編碼
肇庆_德庆,U01 孤立詞音/備查,16,語音特徵小類及編碼
肇庆_德庆,Y01 蟹攝內部近讀,4,語音特徵小類及編碼
肇庆_德庆,Y03 遇止近讀 / 魚虞支微相通,1,語音特徵小類及編碼
肇庆_德庆,Y05 效攝與遇攝近讀,1,語音特徵小類及編碼
肇庆_德庆,Y06 有厚近混 / 流攝內部近讀,4,語音特徵小類及編碼
肇庆_德庆,Y07 文魂近讀 / 臻攝內部近讀,3,語音特徵小類及編碼
肇庆_高要,Y03 遇止近讀 / 魚虞支微相通,1,語音特徵小類及編碼
茂名_信宜,D07 平仄相易 / 平仄相反,3,語音特徵小類及編碼
茂名_信宜,S02 日母字異讀,3,語音特徵小類及編碼
茂名_信宜,S04 精莊知章組近混,5,語音特徵小類及編碼
茂名_信宜,U01 孤立詞音/備查,1,語音特徵小類及編碼
茂名_信宜,Y06 有厚近混 / 流攝內部近讀,6,語音特徵小類及編碼
茂名_信宜,Y07 文魂近讀 / 臻攝內部近讀,6,語音特徵小類及編碼
茂名_信宜,Y12 其他韻母異讀,3,語音特徵小類及編碼
茂名_化州,D07 平仄相易 / 平仄相反,2,語音特徵小類及編碼
茂名_化州,S02 日母字異讀,2,語音特徵小類及編碼
茂名_化州,S04 精莊知章組近混,4,語音特徵小類及編碼
茂名_化州,U01 孤立詞音/備查,1,語音特徵小類及編碼
茂名_化州,Y06 有厚近混 / 流攝內部近讀,4,語音特徵小類及編碼
茂名_化州,Y07 文魂近讀 / 臻攝內部近讀,4,語音特徵小類及編碼
茂名_化州,Y12 其他韻母異讀,2,語音特徵小類及編碼
茂名_电白,D07 平仄相易 / 平仄相反,2,語音特徵小類及編碼
茂名_电白,S02 日母字異讀,2,語音特徵小類及編碼
茂名_电白,S04 精莊知章組近混,4,語音特徵小類及編碼
茂名_电白,U01 孤立詞音/備查,1,語音特徵小類及編碼
茂名_电白,Y06 有厚近混 / 流攝內部近讀,4,語音特徵小類及編碼
茂名_电白,Y07 文魂近讀 / 臻攝內部近讀,4,語音特徵小類及編碼
茂名_电白,Y12 其他韻母異讀,2,語音特徵小類及編碼
茂名_茂南,D07 平仄相易 / 平仄相反,2,語音特徵小類及編碼
茂名_茂南,S02 日母字異讀,2,語音特徵小類及編碼
茂名_茂南,S04 精莊知章組近混,3,語音特徵小類及編碼
茂名_茂南,U01 孤立詞音/備查,1,語音特徵小類及編碼
茂名_茂南,Y06 有厚近混 / 流攝內部近讀,4,語音特徵小類及編碼
茂名_茂南,Y07 文魂近讀 / 臻攝內部近讀,4,語音特徵小類及編碼
茂名_茂南,Y12 其他韻母異讀,2,語音特徵小類及編碼
茂名_高州,D07 平仄相易 / 平仄相反,3,語音特徵小類及編碼
茂名_高州,S02 日母字異讀,3,語音特徵小類及編碼
茂名_高州,S04 精莊知章組近混,5,語音特徵小類及編碼
茂名_高州,U01 孤立詞音/備查,1,語音特徵小類及編碼
茂名_高州,Y06 有厚近混 / 流攝內部近讀,6,語音特徵小類及編碼
茂名_高州,Y07 文魂近讀 / 臻攝內部近讀,6,語音特徵小類及編碼
茂名_高州,Y12 其他韻母異讀,3,語音特徵小類及編碼
阳江_江城,D12 調值高下描述,4,語音特徵小類及編碼
阳江_江城,S06 齒縫音缺失或齒音特徵,1,語音特徵小類及編碼
阳江_江城,U01 孤立詞音/備查,2,語音特徵小類及編碼
阳江_江城,Y03 遇止近讀 / 魚虞支微相通,3,語音特徵小類及編碼
阳江_阳东,U01 孤立詞音/備查,1,語音特徵小類及編碼
阳江_阳春,U01 孤立詞音/備查,1,語音特徵小類及編碼
阳江_阳春,Y03 遇止近讀 / 魚虞支微相通,2,語音特徵小類及編碼
阳江_阳西,U01 孤立詞音/備查,1,語音特徵小類及編碼
东莞_东莞,上聲相關變讀,4,標準化語音特徵
东莞_东莞,上聲讀平,1,標準化語音特徵
东莞_东莞,以刀削物曰𠜱,1,標準化語音特徵
东莞_东莞,來讀如釐,1,標準化語音特徵
东莞_东莞,入聲變讀,4,標準化語音特徵
东莞_东莞,冒讀如昧,1,標準化語音特徵
东莞_东莞,去聲相關變讀,4,標準化語音特徵
东莞_东莞,喙讀若載,1,標準化語音特徵
东莞_东莞,姣讀户交切平聲,1,標準化語音特徵
东莞_东莞,嬭讀如米,1,標準化語音特徵
东莞_东莞,嬭讀如襧,1,標準化語音特徵
东莞_东莞,平聲讀去,7,標準化語音特徵
东莞_东莞,弟讀如地,1,標準化語音特徵
东莞_东莞,挼讀如挪,1,標準化語音特徵
东莞_东莞,文魂近讀 / 臻攝內部近讀,12,標準化語音特徵
东莞_东莞,日母字異讀,1,標準化語音特徵
东莞_东莞,暫不提取,38,標準化語音特徵
东莞_东莞,有厚近混,3,標準化語音特徵
东莞_东莞,毒讀如代,1,標準化語音特徵
东莞_东莞,清濁聲母差異或清濁標記,5,標準化語音特徵
东莞_东莞,睇讀若體,1,標準化語音特徵
东莞_东莞,知讀如地平聲,1,標準化語音特徵
东莞_东莞,脢讀如梅,1,標準化語音特徵
东莞_东莞,腩讀乃林切,1,標準化語音特徵
东莞_东莞,豪歌近混,1,標準化語音特徵
东莞_东莞,跛讀如彼平聲,1,標準化語音特徵
东莞_东莞,輕唇讀重唇 / 重唇音保存,1,標準化語音特徵
东莞_东莞,騃讀若厓,1,標準化語音特徵
中山_中山,日母字異讀,3,標準化語音特徵
中山_中山,暫不提取,3,標準化語音特徵
云浮_新兴,文魂近讀 / 臻攝內部近讀,1,標準化語音特徵
云浮_新兴,魚虞支微相通,1,標準化語音特徵
云浮_罗定,上聲相關變讀,1,標準化語音特徵
云浮_罗定,來讀釐,1,標準化語音特徵
云浮_罗定,來讀黎,1,標準化語音特徵
云浮_罗定,姣讀巧平聲,1,標準化語音特徵
云浮_罗定,文魂近讀 / 臻攝內部近讀,1,標準化語音特徵
云浮_罗定,暫不提取,2,標準化語音特徵
云浮_罗定,釐轉爲黎,1,標準化語音特徵
佛山_顺德,文魂近讀 / 臻攝內部近讀,1,標準化語音特徵
佛山_顺德,暫不提取,10,標準化語音特徵
佛山_高明,暫不提取,8,標準化語音特徵
广州_从化,上聲相關變讀,4,標準化語音特徵
广州_从化,之咍近混,1,標準化語音特徵
广州_从化,仔讀濟,1,標準化語音特徵
广州_从化,來讀黎,1,標準化語音特徵
广州_从化,孻讀賴平聲,1,標準化語音特徵
广州_从化,屘讀米,1,標準化語音特徵
广州_从化,崽讀宰,2,標準化語音特徵
广州_从化,搋讀釵,1,標準化語音特徵
广州_从化,效攝與遇攝近讀,7,標準化語音特徵
广州_从化,文魂近讀 / 臻攝內部近讀,1,標準化語音特徵
广州_从化,暫不提取,19,標準化語音特徵
广州_从化,有厚近混,4,標準化語音特徵
广州_从化,省會造讀在路切,1,標準化語音特徵
广州_从化,虞模近混,2,標準化語音特徵
广州_从化,遇止近讀,1,標準化語音特徵
广州_从化,齊咍近混,1,標準化語音特徵
广州_南沙,上聲相關變讀,4,標準化語音特徵
广州_南沙,之咍近混,1,標準化語音特徵
广州_南沙,仔讀濟,1,標準化語音特徵
广州_南沙,來讀黎,1,標準化語音特徵
广州_南沙,孻讀賴平聲,1,標準化語音特徵
广州_南沙,屘讀米,1,標準化語音特徵
广州_南沙,崽讀宰,2,標準化語音特徵
广州_南沙,搋讀釵,1,標準化語音特徵
广州_南沙,效攝與遇攝近讀,7,標準化語音特徵
广州_南沙,文魂近讀 / 臻攝內部近讀,1,標準化語音特徵
广州_南沙,暫不提取,19,標準化語音特徵
广州_南沙,有厚近混,4,標準化語音特徵
广州_南沙,省會造讀在路切,1,標準化語音特徵
广州_南沙,虞模近混,2,標準化語音特徵
广州_南沙,遇止近讀,1,標準化語音特徵
广州_南沙,齊咍近混,1,標準化語音特徵
广州_增城,上聲相關變讀,6,標準化語音特徵
广州_增城,之咍近混,1,標準化語音特徵
广州_增城,仔讀濟,1,標準化語音特徵
广州_增城,來讀黎,1,標準化語音特徵
广州_增城,去聲相關變讀,1,標準化語音特徵
广州_增城,孻讀賴平聲,1,標準化語音特徵
广州_增城,屘讀米,1,標準化語音特徵
广州_增城,崽讀宰,2,標準化語音特徵
广州_增城,搋讀釵,1,標準化語音特徵
广州_增城,效攝與遇攝近讀,7,標準化語音特徵
广州_增城,文魂近讀 / 臻攝內部近讀,2,標準化語音特徵
广州_增城,暫不提取,31,標準化語音特徵
广州_增城,有厚近混,5,標準化語音特徵
广州_增城,省會造讀在路切,1,標準化語音特徵
广州_增城,虞模近混,2,標準化語音特徵
广州_增城,遇止近讀,1,標準化語音特徵
广州_增城,齊咍近混,1,標準化語音特徵
广州_增城,𠜱讀批,1,標準化語音特徵
广州_增城,𨉹𨊛讀赤厲,1,標準化語音特徵
广州_天河,上聲相關變讀,4,標準化語音特徵
广州_天河,之咍近混,1,標準化語音特徵
广州_天河,仔讀濟,1,標準化語音特徵
广州_天河,來讀黎,1,標準化語音特徵
广州_天河,孻讀賴平聲,1,標準化語音特徵
广州_天河,屘讀米,1,標準化語音特徵
广州_天河,崽讀宰,2,標準化語音特徵
广州_天河,搋讀釵,1,標準化語音特徵
广州_天河,效攝與遇攝近讀,7,標準化語音特徵
广州_天河,文魂近讀 / 臻攝內部近讀,1,標準化語音特徵
广州_天河,暫不提取,19,標準化語音特徵
广州_天河,有厚近混,4,標準化語音特徵
广州_天河,省會造讀在路切,1,標準化語音特徵
广州_天河,虞模近混,2,標準化語音特徵
广州_天河,遇止近讀,1,標準化語音特徵
广州_天河,齊咍近混,1,標準化語音特徵
广州_海珠,上聲相關變讀,4,標準化語音特徵
广州_海珠,之咍近混,1,標準化語音特徵
广州_海珠,仔讀濟,1,標準化語音特徵
广州_海珠,來讀黎,1,標準化語音特徵
广州_海珠,孻讀賴平聲,1,標準化語音特徵
广州_海珠,屘讀米,1,標準化語音特徵
广州_海珠,崽讀宰,2,標準化語音特徵
广州_海珠,搋讀釵,1,標準化語音特徵
广州_海珠,效攝與遇攝近讀,7,標準化語音特徵
广州_海珠,文魂近讀 / 臻攝內部近讀,1,標準化語音特徵
广州_海珠,暫不提取,19,標準化語音特徵
广州_海珠,有厚近混,4,標準化語音特徵
广州_海珠,省會造讀在路切,1,標準化語音特徵
广州_海珠,虞模近混,2,標準化語音特徵
广州_海珠,遇止近讀,1,標準化語音特徵
广州_海珠,齊咍近混,1,標準化語音特徵
广州_番禺,上聲相關變讀,4,標準化語音特徵
广州_番禺,之咍近混,1,標準化語音特徵
广州_番禺,仔讀濟,1,標準化語音特徵
广州_番禺,來讀黎,1,標準化語音特徵
广州_番禺,孻讀賴平聲,1,標準化語音特徵
广州_番禺,屘讀米,1,標準化語音特徵
广州_番禺,崽讀宰,2,標準化語音特徵
广州_番禺,搋讀釵,1,標準化語音特徵
广州_番禺,效攝與遇攝近讀,7,標準化語音特徵
广州_番禺,文魂近讀 / 臻攝內部近讀,1,標準化語音特徵
广州_番禺,日母字異讀,2,標準化語音特徵
广州_番禺,暫不提取,19,標準化語音特徵
广州_番禺,有厚近混,4,標準化語音特徵
广州_番禺,省會造讀在路切,1,標準化語音特徵
广州_番禺,虞模近混,2,標準化語音特徵
广州_番禺,遇止近讀,1,標準化語音特徵
广州_番禺,齊咍近混,1,標準化語音特徵
广州_白云,上聲相關變讀,4,標準化語音特徵
广州_白云,之咍近混,1,標準化語音特徵
广州_白云,仔讀濟,1,標準化語音特徵
广州_白云,來讀黎,1,標準化語音特徵
广州_白云,孻讀賴平聲,1,標準化語音特徵
广州_白云,屘讀米,1,標準化語音特徵
广州_白云,崽讀宰,2,標準化語音特徵
广州_白云,搋讀釵,1,標準化語音特徵
广州_白云,效攝與遇攝近讀,7,標準化語音特徵
广州_白云,文魂近讀 / 臻攝內部近讀,1,標準化語音特徵
广州_白云,暫不提取,19,標準化語音特徵
广州_白云,有厚近混,4,標準化語音特徵
广州_白云,省會造讀在路切,1,標準化語音特徵
广州_白云,虞模近混,2,標準化語音特徵
广州_白云,遇止近讀,1,標準化語音特徵
广州_白云,齊咍近混,1,標準化語音特徵
广州_花都,上聲相關變讀,4,標準化語音特徵
广州_花都,之咍近混,1,標準化語音特徵
广州_花都,仔讀濟,1,標準化語音特徵
广州_花都,來讀黎,1,標準化語音特徵
广州_花都,孻讀賴平聲,1,標準化語音特徵
广州_花都,屘讀米,1,標準化語音特徵
广州_花都,崽讀宰,2,標準化語音特徵
广州_花都,搋讀釵,1,標準化語音特徵
广州_花都,效攝與遇攝近讀,7,標準化語音特徵
广州_花都,文魂近讀 / 臻攝內部近讀,1,標準化語音特徵
广州_花都,暫不提取,19,標準化語音特徵
广州_花都,有厚近混,4,標準化語音特徵
广州_花都,省會造讀在路切,1,標準化語音特徵
广州_花都,虞模近混,2,標準化語音特徵
广州_花都,遇止近讀,1,標準化語音特徵
广州_花都,齊咍近混,1,標準化語音特徵
广州_荔湾,上聲相關變讀,4,標準化語音特徵
广州_荔湾,之咍近混,1,標準化語音特徵
广州_荔湾,仔讀濟,1,標準化語音特徵
广州_荔湾,來讀黎,1,標準化語音特徵
广州_荔湾,孻讀賴平聲,1,標準化語音特徵
广州_荔湾,屘讀米,1,標準化語音特徵
广州_荔湾,崽讀宰,2,標準化語音特徵
广州_荔湾,搋讀釵,1,標準化語音特徵
广州_荔湾,效攝與遇攝近讀,7,標準化語音特徵
广州_荔湾,文魂近讀 / 臻攝內部近讀,1,標準化語音特徵
广州_荔湾,暫不提取,19,標準化語音特徵
广州_荔湾,有厚近混,4,標準化語音特徵
广州_荔湾,省會造讀在路切,1,標準化語音特徵
广州_荔湾,虞模近混,2,標準化語音特徵
广州_荔湾,遇止近讀,1,標準化語音特徵
广州_荔湾,齊咍近混,1,標準化語音特徵
广州_越秀,㱣讀腿,1,標準化語音特徵
广州_越秀,㱬讀委,1,標準化語音特徵
广州_越秀,䏁讀若焙,1,標準化語音特徵
广州_越秀,上去互變,1,標準化語音特徵
广州_越秀,上聲相關變讀,10,標準化語音特徵
广州_越秀,之咍近混,1,標準化語音特徵
广州_越秀,乜讀米野切音,1,標準化語音特徵
广州_越秀,仔讀濟,1,標準化語音特徵
广州_越秀,來讀若釐,1,標準化語音特徵
广州_越秀,來讀釐,1,標準化語音特徵
广州_越秀,來讀黎,1,標準化語音特徵
广州_越秀,偙讀若曳,1,標準化語音特徵
广州_越秀,入聲變讀,2,標準化語音特徵
广州_越秀,入聲韻近讀,1,標準化語音特徵
广州_越秀,勑讀若酹,1,標準化語音特徵
广州_越秀,去聲相關變讀,13,標準化語音特徵
广州_越秀,孻讀賴平聲,1,標準化語音特徵
广州_越秀,屘讀米,1,標準化語音特徵
广州_越秀,崽讀宰,2,標準化語音特徵
广州_越秀,徯醯讀若兒嬉,1,標準化語音特徵
广州_越秀,揩讀丘皆切,1,標準化語音特徵
广州_越秀,搋讀釵,2,標準化語音特徵
广州_越秀,效攝與遇攝近讀,7,標準化語音特徵
广州_越秀,文魂近讀 / 臻攝內部近讀,8,標準化語音特徵
广州_越秀,暫不提取,75,標準化語音特徵
广州_越秀,有厚近混,8,標準化語音特徵
广州_越秀,棱讀平聲,1,標準化語音特徵
广州_越秀,檇讀若對,1,標準化語音特徵
广州_越秀,清濁聲母差異或清濁標記,1,標準化語音特徵
广州_越秀,省會造讀在路切,1,標準化語音特徵
广州_越秀,虞模近混,2,標準化語音特徵
广州_越秀,輕唇讀重唇 / 重唇音保存,4,標準化語音特徵
广州_越秀,遇止近讀,4,標準化語音特徵
广州_越秀,齊咍近混,1,標準化語音特徵
广州_越秀,𠜱讀批,1,標準化語音特徵
广州_越秀,𢉿讀若灑,1,標準化語音特徵
广州_越秀,𢻹讀批,1,標準化語音特徵
广州_黄埔,上聲相關變讀,4,標準化語音特徵
广州_黄埔,之咍近混,1,標準化語音特徵
广州_黄埔,仔讀濟,1,標準化語音特徵
广州_黄埔,來讀黎,1,標準化語音特徵
广州_黄埔,孻讀賴平聲,1,標準化語音特徵
广州_黄埔,屘讀米,1,標準化語音特徵
广州_黄埔,崽讀宰,2,標準化語音特徵
广州_黄埔,搋讀釵,1,標準化語音特徵
广州_黄埔,效攝與遇攝近讀,7,標準化語音特徵
广州_黄埔,文魂近讀 / 臻攝內部近讀,1,標準化語音特徵
广州_黄埔,暫不提取,19,標準化語音特徵
广州_黄埔,有厚近混,4,標準化語音特徵
广州_黄埔,省會造讀在路切,1,標準化語音特徵
广州_黄埔,虞模近混,2,標準化語音特徵
广州_黄埔,遇止近讀,1,標準化語音特徵
广州_黄埔,齊咍近混,1,標準化語音特徵
惠州_博罗,庚陽近混,2,標準化語音特徵
惠州_博罗,暫不提取,7,標準化語音特徵
惠州_博罗,齊灰近混,2,標準化語音特徵
惠州_惠东,庚陽近混,2,標準化語音特徵
惠州_惠东,暫不提取,3,標準化語音特徵
惠州_惠东,齊灰近混,2,標準化語音特徵
惠州_惠城,庚陽近混,2,標準化語音特徵
惠州_惠城,暫不提取,7,標準化語音特徵
惠州_惠城,齊灰近混,2,標準化語音特徵
惠州_惠阳,孻讀賴,1,標準化語音特徵
惠州_惠阳,崽讀宰,1,標準化語音特徵
惠州_惠阳,庚陽近混,3,標準化語音特徵
惠州_惠阳,文魂近讀 / 臻攝內部近讀,5,標準化語音特徵
惠州_惠阳,暫不提取,13,標準化語音特徵
惠州_惠阳,有厚近混,1,標準化語音特徵
惠州_惠阳,溪讀開,1,標準化語音特徵
惠州_惠阳,齊灰近混,2,標準化語音特徵
惠州_龙门,庚陽近混,2,標準化語音特徵
惠州_龙门,暫不提取,3,標準化語音特徵
惠州_龙门,齊灰近混,2,標準化語音特徵
揭阳_惠来,世讀作細,1,標準化語音特徵
揭阳_惠来,前讀作哉,1,標準化語音特徵
揭阳_惠来,啼讀作梯,2,標準化語音特徵
揭阳_惠来,四讀作細,1,標準化語音特徵
揭阳_惠来,四讀細,1,標準化語音特徵
揭阳_惠来,天讀作梯,1,標準化語音特徵
揭阳_惠来,扇讀作細,1,標準化語音特徵
揭阳_惠来,文魂近讀 / 臻攝內部近讀,2,標準化語音特徵
揭阳_惠来,暫不提取,11,標準化語音特徵
揭阳_惠来,有厚近混,5,標準化語音特徵
揭阳_惠来,添讀作梯,1,標準化語音特徵
揭阳_惠来,牙喉音相關混讀,1,標準化語音特徵
揭阳_惠来,耳讀繫,1,標準化語音特徵
揭阳_惠来,西讀作腮,1,標準化語音特徵
揭阳_惠来,髻讀莊,1,標準化語音特徵
揭阳_揭东,世讀作細,1,標準化語音特徵
揭阳_揭东,世讀細,1,標準化語音特徵
揭阳_揭东,前讀作哉,1,標準化語音特徵
揭阳_揭东,啼讀作梯,2,標準化語音特徵
揭阳_揭东,啼讀梯,1,標準化語音特徵
揭阳_揭东,四讀作細,1,標準化語音特徵
揭阳_揭东,四讀細,2,標準化語音特徵
揭阳_揭东,天讀作梯,1,標準化語音特徵
揭阳_揭东,天讀梯,2,標準化語音特徵
揭阳_揭东,扇讀作細,1,標準化語音特徵
揭阳_揭东,扇讀細,1,標準化語音特徵
揭阳_揭东,文魂近讀 / 臻攝內部近讀,3,標準化語音特徵
揭阳_揭东,暫不提取,27,標準化語音特徵
揭阳_揭东,有厚近混,12,標準化語音特徵
揭阳_揭东,有音無字，與諸郡不相通,1,標準化語音特徵
揭阳_揭东,添讀作梯,1,標準化語音特徵
揭阳_揭东,添讀梯,1,標準化語音特徵
揭阳_揭东,牙喉音相關混讀,2,標準化語音特徵
揭阳_揭东,耳讀繫,2,標準化語音特徵
揭阳_揭东,西讀作腮,1,標準化語音特徵
揭阳_揭东,髻讀莊,1,標準化語音特徵
揭阳_揭西,世讀作細,1,標準化語音特徵
揭阳_揭西,世讀細,1,標準化語音特徵
揭阳_揭西,前讀作哉,1,標準化語音特徵
揭阳_揭西,啼讀作梯,2,標準化語音特徵
揭阳_揭西,啼讀梯,1,標準化語音特徵
揭阳_揭西,四讀作細,1,標準化語音特徵
揭阳_揭西,四讀細,2,標準化語音特徵
揭阳_揭西,天讀作梯,1,標準化語音特徵
揭阳_揭西,天讀梯,2,標準化語音特徵
揭阳_揭西,扇讀作細,1,標準化語音特徵
揭阳_揭西,扇讀細,1,標準化語音特徵
揭阳_揭西,文魂近讀 / 臻攝內部近讀,3,標準化語音特徵
揭阳_揭西,暫不提取,27,標準化語音特徵
揭阳_揭西,有厚近混,12,標準化語音特徵
揭阳_揭西,有音無字，與諸郡不相通,1,標準化語音特徵
揭阳_揭西,添讀作梯,1,標準化語音特徵
揭阳_揭西,添讀梯,1,標準化語音特徵
揭阳_揭西,牙喉音相關混讀,2,標準化語音特徵
揭阳_揭西,耳讀繫,2,標準化語音特徵
揭阳_揭西,西讀作腮,1,標準化語音特徵
揭阳_揭西,髻讀莊,1,標準化語音特徵
揭阳_普宁,上聲相關變讀,2,標準化語音特徵
揭阳_普宁,世讀作細,1,標準化語音特徵
揭阳_普宁,入聲韻近讀,1,標準化語音特徵
揭阳_普宁,前讀作哉,1,標準化語音特徵
揭阳_普宁,去聲相關變讀,3,標準化語音特徵
揭阳_普宁,啼讀作梯,2,標準化語音特徵
揭阳_普宁,四讀作細,1,標準化語音特徵
揭阳_普宁,四讀細,2,標準化語音特徵
揭阳_普宁,四讀若細,1,標準化語音特徵
揭阳_普宁,天讀作梯,1,標準化語音特徵
揭阳_普宁,夫讀若不平聲,1,標準化語音特徵
揭阳_普宁,娘讀若搦平聲,1,標準化語音特徵
揭阳_普宁,扇讀作細,1,標準化語音特徵
揭阳_普宁,擔讀若大平聲,1,標準化語音特徵
揭阳_普宁,文魂近讀 / 臻攝內部近讀,8,標準化語音特徵
揭阳_普宁,暫不提取,46,標準化語音特徵
揭阳_普宁,書讀資,1,標準化語音特徵
揭阳_普宁,有厚近混,12,標準化語音特徵
揭阳_普宁,添讀作梯,1,標準化語音特徵
揭阳_普宁,牙喉音相關混讀,2,標準化語音特徵
揭阳_普宁,糜讀若撮口呼梅,1,標準化語音特徵
揭阳_普宁,罷讀若批,1,標準化語音特徵
揭阳_普宁,耳讀繫,1,標準化語音特徵
揭阳_普宁,腳讀若卡平聲,1,標準化語音特徵
揭阳_普宁,西讀作腮,1,標準化語音特徵
揭阳_普宁,鞋讀哀,1,標準化語音特徵
揭阳_普宁,鞋讀若撮口呼哀,1,標準化語音特徵
揭阳_普宁,香讀若歇平聲,1,標準化語音特徵
揭阳_普宁,髻讀莊,1,標準化語音特徵
揭阳_榕城,世讀作細,1,標準化語音特徵
揭阳_榕城,前讀作哉,1,標準化語音特徵
揭阳_榕城,啼讀作梯,2,標準化語音特徵
揭阳_榕城,四讀作細,1,標準化語音特徵
揭阳_榕城,四讀細,1,標準化語音特徵
揭阳_榕城,天讀作梯,1,標準化語音特徵
揭阳_榕城,扇讀作細,1,標準化語音特徵
揭阳_榕城,文魂近讀 / 臻攝內部近讀,2,標準化語音特徵
揭阳_榕城,暫不提取,11,標準化語音特徵
揭阳_榕城,有厚近混,5,標準化語音特徵
揭阳_榕城,添讀作梯,1,標準化語音特徵
揭阳_榕城,牙喉音相關混讀,1,標準化語音特徵
揭阳_榕城,耳讀繫,1,標準化語音特徵
揭阳_榕城,西讀作腮,1,標準化語音特徵
揭阳_榕城,髻讀莊,1,標準化語音特徵
梅州_丰顺,㧡讀恝平聲,1,標準化語音特徵
梅州_丰顺,上聲相關變讀,1,標準化語音特徵
梅州_丰顺,侅讀怪,1,標準化語音特徵
梅州_丰顺,入聲變讀,1,標準化語音特徵
梅州_丰顺,勁讀井平聲,1,標準化語音特徵
梅州_丰顺,去聲相關變讀,8,標準化語音特徵
梅州_丰顺,吾讀如涯,1,標準化語音特徵
梅州_丰顺,吾讀雅平聲,1,標準化語音特徵
梅州_丰顺,喙讀許穢切,1,標準化語音特徵
梅州_丰顺,孻讀如賴,1,標準化語音特徵
梅州_丰顺,庚東近讀,1,標準化語音特徵
梅州_丰顺,庚鍾近讀,1,標準化語音特徵
梅州_丰顺,弟讀如梯平聲,1,標準化語音特徵
梅州_丰顺,我讀厓,1,標準化語音特徵
梅州_丰顺,括讀塊平聲,1,標準化語音特徵
梅州_丰顺,攪讀校平聲,1,標準化語音特徵
梅州_丰顺,攪讀若校,1,標準化語音特徵
梅州_丰顺,文魂近讀 / 臻攝內部近讀,8,標準化語音特徵
梅州_丰顺,暫不提取,31,標準化語音特徵
梅州_丰顺,有厚近混,8,標準化語音特徵
梅州_丰顺,梗攝入臻攝,4,標準化語音特徵
梅州_丰顺,牙喉音相關混讀,2,標準化語音特徵
梅州_丰顺,竫讀井平聲,1,標準化語音特徵
梅州_丰顺,菜讀倉代切,1,標準化語音特徵
梅州_丰顺,蒸清近混,1,標準化語音特徵
梅州_丰顺,薺泰近混,1,標準化語音特徵
梅州_丰顺,諣讀如卦,1,標準化語音特徵
梅州_丰顺,遇止近讀,2,標準化語音特徵
梅州_丰顺,陌麥近混,2,標準化語音特徵
梅州_丰顺,餽讀徙平聲,1,標準化語音特徵
梅州_丰顺,𤸁讀與吠疊韻,1,標準化語音特徵
梅州_五华,㧡讀恝平聲,1,標準化語音特徵
梅州_五华,上聲相關變讀,1,標準化語音特徵
梅州_五华,侅讀怪,1,標準化語音特徵
梅州_五华,入聲變讀,1,標準化語音特徵
梅州_五华,勁讀井平聲,1,標準化語音特徵
梅州_五华,去聲相關變讀,8,標準化語音特徵
梅州_五华,吾讀雅平聲,1,標準化語音特徵
梅州_五华,喙讀許穢切,1,標準化語音特徵
梅州_五华,孻讀如賴,1,標準化語音特徵
梅州_五华,庚東近讀,1,標準化語音特徵
梅州_五华,庚鍾近讀,1,標準化語音特徵
梅州_五华,我讀厓,1,標準化語音特徵
梅州_五华,括讀塊平聲,1,標準化語音特徵
梅州_五华,攪讀校平聲,1,標準化語音特徵
梅州_五华,攪讀若校,1,標準化語音特徵
梅州_五华,文魂近讀 / 臻攝內部近讀,7,標準化語音特徵
梅州_五华,暫不提取,33,標準化語音特徵
梅州_五华,有厚近混,7,標準化語音特徵
梅州_五华,梗攝入臻攝,4,標準化語音特徵
梅州_五华,牙喉音相關混讀,2,標準化語音特徵
梅州_五华,竫讀井平聲,1,標準化語音特徵
梅州_五华,蒸清近混,1,標準化語音特徵
梅州_五华,薺泰近混,1,標準化語音特徵
梅州_五华,諣讀如卦,1,標準化語音特徵
梅州_五华,遇止近讀,1,標準化語音特徵
梅州_五华,餽讀徙平聲,1,標準化語音特徵
梅州_五华,𤸁讀與吠疊韻,1,標準化語音特徵
梅州_兴宁,㧡讀恝平聲,1,標準化語音特徵
梅州_兴宁,上聲相關變讀,2,標準化語音特徵
梅州_兴宁,侅讀怪,1,標準化語音特徵
梅州_兴宁,入聲變讀,1,標準化語音特徵
梅州_兴宁,勁讀井平聲,1,標準化語音特徵
梅州_兴宁,去聲相關變讀,8,標準化語音特徵
梅州_兴宁,吾讀雅平聲,1,標準化語音特徵
梅州_兴宁,喙讀許穢切,1,標準化語音特徵
梅州_兴宁,太大不辨,1,標準化語音特徵
梅州_兴宁,孻讀如賴,1,標準化語音特徵
梅州_兴宁,庚東近讀,1,標準化語音特徵
梅州_兴宁,庚鍾近讀,1,標準化語音特徵
梅州_兴宁,庚陽近混,1,標準化語音特徵
梅州_兴宁,微灰近混,1,標準化語音特徵
梅州_兴宁,德麥近讀,1,標準化語音特徵
梅州_兴宁,我讀厓,1,標準化語音特徵
梅州_兴宁,括讀塊平聲,1,標準化語音特徵
梅州_兴宁,攪讀校平聲,1,標準化語音特徵
梅州_兴宁,攪讀若校,1,標準化語音特徵
梅州_兴宁,文魂近讀 / 臻攝內部近讀,9,標準化語音特徵
梅州_兴宁,昔藥近讀,1,標準化語音特徵
梅州_兴宁,暫不提取,45,標準化語音特徵
梅州_兴宁,有厚近混,9,標準化語音特徵
梅州_兴宁,梗攝入臻攝,4,標準化語音特徵
梅州_兴宁,模魚近混,2,標準化語音特徵
梅州_兴宁,清陽近讀,1,標準化語音特徵
梅州_兴宁,牙喉音相關混讀,4,標準化語音特徵
梅州_兴宁,竫讀井平聲,1,標準化語音特徵
梅州_兴宁,蒸清近混,1,標準化語音特徵
梅州_兴宁,薺泰近混,1,標準化語音特徵
梅州_兴宁,諣讀如卦,1,標準化語音特徵
梅州_兴宁,豪肴近混,1,標準化語音特徵
梅州_兴宁,遇止近讀,1,標準化語音特徵
梅州_兴宁,青陽近讀,1,標準化語音特徵
梅州_兴宁,餽讀徙平聲,1,標準化語音特徵
梅州_兴宁,魚之近混,2,標準化語音特徵
梅州_兴宁,齊咍近混,1,標準化語音特徵
梅州_兴宁,齊灰近混,1,標準化語音特徵
梅州_兴宁,𤸁讀與吠疊韻,1,標準化語音特徵
梅州_大埔,㧡讀恝平聲,1,標準化語音特徵
梅州_大埔,上聲相關變讀,21,標準化語音特徵
梅州_大埔,侅讀怪,1,標準化語音特徵
梅州_大埔,入聲變讀,12,標準化語音特徵
梅州_大埔,劉讀ㄌㄧ陽平,1,標準化語音特徵
梅州_大埔,勁讀井平聲,1,標準化語音特徵
梅州_大埔,勤讀ㄑㄧㄣ陽平,1,標準化語音特徵
梅州_大埔,匱讀ㄎㄨㄟ平聲,1,標準化語音特徵
梅州_大埔,去聲相關變讀,31,標準化語音特徵
梅州_大埔,吾讀雅平聲,1,標準化語音特徵
梅州_大埔,咠讀ㄗㄧ陽平,1,標準化語音特徵
梅州_大埔,喙讀許穢切,1,標準化語音特徵
梅州_大埔,婦讀批,1,標準化語音特徵
梅州_大埔,嬭讀奴等切,1,標準化語音特徵
梅州_大埔,孻讀如賴,1,標準化語音特徵
梅州_大埔,庚東近讀,1,標準化語音特徵
梅州_大埔,庚鍾近讀,1,標準化語音特徵
梅州_大埔,弟讀若梯,1,標準化語音特徵
梅州_大埔,強讀ㄑㄧ·ㄤ陽平,1,標準化語音特徵
梅州_大埔,微讀ㄇㄧ陽平,1,標準化語音特徵
梅州_大埔,微讀ㄇㄨㄞ陽平,1,標準化語音特徵
梅州_大埔,憐讀ㄌㄥ陽平,1,標準化語音特徵
梅州_大埔,憐讀ㄌㄧㄢ陽平,1,標準化語音特徵
梅州_大埔,我讀厓,1,標準化語音特徵
梅州_大埔,括讀塊平聲,1,標準化語音特徵
梅州_大埔,揞讀近恩,1,標準化語音特徵
梅州_大埔,擎讀ㄑㄧㄚ陽平,1,標準化語音特徵
梅州_大埔,擎讀ㄑㄧㄣ陽平,1,標準化語音特徵
梅州_大埔,攪讀校平聲,1,標準化語音特徵
梅州_大埔,攪讀若校,1,標準化語音特徵
梅州_大埔,文魂近讀 / 臻攝內部近讀,10,標準化語音特徵
梅州_大埔,暫不提取,57,標準化語音特徵
梅州_大埔,暴讀ㄅㄛ陽平,1,標準化語音特徵
梅州_大埔,有厚近混,10,標準化語音特徵
梅州_大埔,梗攝入臻攝,4,標準化語音特徵
梅州_大埔,樂讀ㄌㄛ陽平,1,標準化語音特徵
梅州_大埔,毗讀ㄅㄧ陽平,1,標準化語音特徵
梅州_大埔,淡讀平聲,1,標準化語音特徵
梅州_大埔,煲讀平聲,1,標準化語音特徵
梅州_大埔,牙喉音相關混讀,2,標準化語音特徵
梅州_大埔,畬普通音ㄙ陽平,1,標準化語音特徵
梅州_大埔,畬讀ㄘㄧㄚ,1,標準化語音特徵
梅州_大埔,磑讀ㄎㄟ平聲,1,標準化語音特徵
梅州_大埔,磑讀近軻,1,標準化語音特徵
梅州_大埔,竫讀井平聲,1,標準化語音特徵
梅州_大埔,簍讀平聲,1,標準化語音特徵
梅州_大埔,紕讀ㄅㄧ平聲,1,標準化語音特徵
梅州_大埔,背讀ㄅㄧ,1,標準化語音特徵
梅州_大埔,腦讀ㄋㄚ陽平,1,標準化語音特徵
梅州_大埔,蒸清近混,1,標準化語音特徵
梅州_大埔,薺泰近混,1,標準化語音特徵
梅州_大埔,被讀若篦,1,標準化語音特徵
梅州_大埔,訿讀ㄗㄛ陽平,1,標準化語音特徵
梅州_大埔,諣讀如卦,1,標準化語音特徵
梅州_大埔,豸讀尸,1,標準化語音特徵
梅州_大埔,遇止近讀,4,標準化語音特徵
梅州_大埔,陂讀ㄆㄟ平聲,1,標準化語音特徵
梅州_大埔,陂讀波,1,標準化語音特徵
梅州_大埔,鞔讀ㄇㄢ陽平,1,標準化語音特徵
梅州_大埔,鞔讀ㄇㄧㄤ,1,標準化語音特徵
梅州_大埔,餽讀徙平聲,1,標準化語音特徵
梅州_大埔,饞讀ㄙㄞ陽平,1,標準化語音特徵
梅州_大埔,鳥讀雕平聲,1,標準化語音特徵
梅州_大埔,𤸁讀與吠疊韻,1,標準化語音特徵
梅州_平远,㧡讀恝平聲,1,標準化語音特徵
梅州_平远,上聲相關變讀,1,標準化語音特徵
梅州_平远,侅讀怪,1,標準化語音特徵
梅州_平远,入聲變讀,1,標準化語音特徵
梅州_平远,勁讀井平聲,1,標準化語音特徵
梅州_平远,去聲相關變讀,8,標準化語音特徵
梅州_平远,吾讀雅平聲,1,標準化語音特徵
梅州_平远,喙讀許穢切,1,標準化語音特徵
梅州_平远,孻讀如賴,1,標準化語音特徵
梅州_平远,庚東近讀,1,標準化語音特徵
梅州_平远,庚鍾近讀,1,標準化語音特徵
梅州_平远,我讀厓,1,標準化語音特徵
梅州_平远,括讀塊平聲,1,標準化語音特徵
梅州_平远,攪讀校平聲,1,標準化語音特徵
梅州_平远,攪讀若校,1,標準化語音特徵
梅州_平远,文魂近讀 / 臻攝內部近讀,7,標準化語音特徵
梅州_平远,暫不提取,31,標準化語音特徵
梅州_平远,有厚近混,7,標準化語音特徵
梅州_平远,梗攝入臻攝,4,標準化語音特徵
梅州_平远,牙喉音相關混讀,2,標準化語音特徵
梅州_平远,竫讀井平聲,1,標準化語音特徵
梅州_平远,蒸清近混,1,標準化語音特徵
梅州_平远,薺泰近混,1,標準化語音特徵
梅州_平远,諣讀如卦,1,標準化語音特徵
梅州_平远,遇止近讀,1,標準化語音特徵
梅州_平远,餽讀徙平聲,1,標準化語音特徵
梅州_平远,𤸁讀與吠疊韻,1,標準化語音特徵
梅州_梅县,㧡讀恝平聲,1,標準化語音特徵
梅州_梅县,上聲相關變讀,1,標準化語音特徵
梅州_梅县,侅讀怪,1,標準化語音特徵
梅州_梅县,入聲變讀,1,標準化語音特徵
梅州_梅县,勁讀井平聲,1,標準化語音特徵
梅州_梅县,去聲相關變讀,8,標準化語音特徵
梅州_梅县,吾讀雅平聲,1,標準化語音特徵
梅州_梅县,喙讀許穢切,1,標準化語音特徵
梅州_梅县,孻讀如賴,1,標準化語音特徵
梅州_梅县,庚東近讀,1,標準化語音特徵
梅州_梅县,庚鍾近讀,1,標準化語音特徵
梅州_梅县,我讀厓,1,標準化語音特徵
梅州_梅县,括讀塊平聲,1,標準化語音特徵
梅州_梅县,攪讀校平聲,1,標準化語音特徵
梅州_梅县,攪讀若校,1,標準化語音特徵
梅州_梅县,文魂近讀 / 臻攝內部近讀,7,標準化語音特徵
梅州_梅县,暫不提取,32,標準化語音特徵
梅州_梅县,有厚近混,7,標準化語音特徵
梅州_梅县,梗攝入臻攝,4,標準化語音特徵
梅州_梅县,歌豪近混,1,標準化語音特徵
梅州_梅县,牙喉音相關混讀,2,標準化語音特徵
梅州_梅县,竫讀井平聲,1,標準化語音特徵
梅州_梅县,蒸清近混,1,標準化語音特徵
梅州_梅县,薺泰近混,1,標準化語音特徵
梅州_梅县,諣讀如卦,1,標準化語音特徵
梅州_梅县,遇止近讀,1,標準化語音特徵
梅州_梅县,餽讀徙平聲,1,標準化語音特徵
梅州_梅县,𤸁讀與吠疊韻,1,標準化語音特徵
梅州_梅江,㧡讀恝平聲,1,標準化語音特徵
梅州_梅江,上聲相關變讀,1,標準化語音特徵
梅州_梅江,侅讀怪,1,標準化語音特徵
梅州_梅江,入聲變讀,1,標準化語音特徵
梅州_梅江,勁讀井平聲,1,標準化語音特徵
梅州_梅江,去聲相關變讀,8,標準化語音特徵
梅州_梅江,吾讀雅平聲,1,標準化語音特徵
梅州_梅江,喙讀許穢切,1,標準化語音特徵
梅州_梅江,孻讀如賴,1,標準化語音特徵
梅州_梅江,庚東近讀,1,標準化語音特徵
梅州_梅江,庚鍾近讀,1,標準化語音特徵
梅州_梅江,我讀厓,1,標準化語音特徵
梅州_梅江,括讀塊平聲,1,標準化語音特徵
梅州_梅江,攪讀校平聲,1,標準化語音特徵
梅州_梅江,攪讀若校,1,標準化語音特徵
梅州_梅江,文魂近讀 / 臻攝內部近讀,7,標準化語音特徵
梅州_梅江,暫不提取,32,標準化語音特徵
梅州_梅江,有厚近混,7,標準化語音特徵
梅州_梅江,梗攝入臻攝,4,標準化語音特徵
梅州_梅江,牙喉音相關混讀,2,標準化語音特徵
梅州_梅江,竫讀井平聲,1,標準化語音特徵
梅州_梅江,蒸清近混,1,標準化語音特徵
梅州_梅江,薺泰近混,1,標準化語音特徵
梅州_梅江,諣讀如卦,1,標準化語音特徵
梅州_梅江,遇止近讀,1,標準化語音特徵
梅州_梅江,餽讀徙平聲,1,標準化語音特徵
梅州_梅江,𤸁讀與吠疊韻,1,標準化語音特徵
梅州_蕉岭,㧡讀恝平聲,1,標準化語音特徵
梅州_蕉岭,上聲相關變讀,2,標準化語音特徵
梅州_蕉岭,侅讀怪,1,標準化語音特徵
梅州_蕉岭,入聲變讀,4,標準化語音特徵
梅州_蕉岭,勁讀井平聲,1,標準化語音特徵
梅州_蕉岭,勑讀如辣,1,標準化語音特徵
梅州_蕉岭,勑讀賴,1,標準化語音特徵
梅州_蕉岭,去聲相關變讀,13,標準化語音特徵
梅州_蕉岭,吾讀如厓,1,標準化語音特徵
梅州_蕉岭,吾讀雅平聲,1,標準化語音特徵
梅州_蕉岭,喙讀許穢切,1,標準化語音特徵
梅州_蕉岭,孻讀如賴,1,標準化語音特徵
梅州_蕉岭,庚東近讀,1,標準化語音特徵
梅州_蕉岭,庚鍾近讀,1,標準化語音特徵
梅州_蕉岭,我讀厓,1,標準化語音特徵
梅州_蕉岭,括讀塊平聲,1,標準化語音特徵
梅州_蕉岭,括讀平聲,1,標準化語音特徵
梅州_蕉岭,攪讀校平聲,1,標準化語音特徵
梅州_蕉岭,攪讀若校,1,標準化語音特徵
梅州_蕉岭,文魂近讀 / 臻攝內部近讀,16,標準化語音特徵
梅州_蕉岭,暫不提取,58,標準化語音特徵
梅州_蕉岭,有厚近混,9,標準化語音特徵
梅州_蕉岭,梗攝入臻攝,4,標準化語音特徵
梅州_蕉岭,潎讀魅,1,標準化語音特徵
梅州_蕉岭,濫讀平聲,1,標準化語音特徵
梅州_蕉岭,牙喉音相關混讀,4,標準化語音特徵
梅州_蕉岭,竫讀井平聲,1,標準化語音特徵
梅州_蕉岭,筣讀禮,1,標準化語音特徵
梅州_蕉岭,脄讀如梅,1,標準化語音特徵
梅州_蕉岭,蒸清近混,1,標準化語音特徵
梅州_蕉岭,薺泰近混,1,標準化語音特徵
梅州_蕉岭,諣讀如卦,1,標準化語音特徵
梅州_蕉岭,豪歌近混,1,標準化語音特徵
梅州_蕉岭,遇止近讀,1,標準化語音特徵
梅州_蕉岭,餽讀徙平聲,1,標準化語音特徵
梅州_蕉岭,鼻讀如貝,1,標準化語音特徵
梅州_蕉岭,𤸁讀與吠疊韻,1,標準化語音特徵
汕头_南澳,上聲相關變讀,1,標準化語音特徵
汕头_南澳,世讀作細,1,標準化語音特徵
汕头_南澳,前讀作哉,1,標準化語音特徵
汕头_南澳,啼讀作梯,2,標準化語音特徵
汕头_南澳,四讀作細,1,標準化語音特徵
汕头_南澳,四讀細,2,標準化語音特徵
汕头_南澳,天讀作梯,1,標準化語音特徵
汕头_南澳,扇讀作細,1,標準化語音特徵
汕头_南澳,文魂近讀 / 臻攝內部近讀,9,標準化語音特徵
汕头_南澳,暫不提取,25,標準化語音特徵
汕头_南澳,有厚近混,10,標準化語音特徵
汕头_南澳,添讀作梯,1,標準化語音特徵
汕头_南澳,牙喉音相關混讀,2,標準化語音特徵
汕头_南澳,耳讀繫,1,標準化語音特徵
汕头_南澳,蟹讀侈,1,標準化語音特徵
汕头_南澳,西讀作腮,1,標準化語音特徵
汕头_南澳,髻讀莊,1,標準化語音特徵
汕头_南澳,鷄讀該,1,標準化語音特徵
汕头_潮南,世讀作細,1,標準化語音特徵
汕头_潮南,前讀作哉,1,標準化語音特徵
汕头_潮南,啼讀作梯,2,標準化語音特徵
汕头_潮南,四讀作細,1,標準化語音特徵
汕头_潮南,四讀細,1,標準化語音特徵
汕头_潮南,天讀作梯,1,標準化語音特徵
汕头_潮南,扇讀作細,1,標準化語音特徵
汕头_潮南,文魂近讀 / 臻攝內部近讀,2,標準化語音特徵
汕头_潮南,暫不提取,10,標準化語音特徵
汕头_潮南,有厚近混,5,標準化語音特徵
汕头_潮南,添讀作梯,1,標準化語音特徵
汕头_潮南,牙喉音相關混讀,1,標準化語音特徵
汕头_潮南,耳讀繫,1,標準化語音特徵
汕头_潮南,西讀作腮,1,標準化語音特徵
汕头_潮南,髻讀莊,1,標準化語音特徵
汕头_潮阳,世讀作細,1,標準化語音特徵
汕头_潮阳,入聲韻近讀,1,標準化語音特徵
汕头_潮阳,前讀作哉,1,標準化語音特徵
汕头_潮阳,啼讀作梯,2,標準化語音特徵
汕头_潮阳,四讀作細,1,標準化語音特徵
汕头_潮阳,四讀細,2,標準化語音特徵
汕头_潮阳,天讀作梯,1,標準化語音特徵
汕头_潮阳,扇讀作細,1,標準化語音特徵
汕头_潮阳,文魂近讀 / 臻攝內部近讀,4,標準化語音特徵
汕头_潮阳,暫不提取,23,標準化語音特徵
汕头_潮阳,書讀資,1,標準化語音特徵
汕头_潮阳,有厚近混,10,標準化語音特徵
汕头_潮阳,添讀作梯,1,標準化語音特徵
汕头_潮阳,牙喉音相關混讀,2,標準化語音特徵
汕头_潮阳,耳讀繫,1,標準化語音特徵
汕头_潮阳,西讀作腮,1,標準化語音特徵
汕头_潮阳,鞋讀哀,1,標準化語音特徵
汕头_潮阳,髻讀莊,1,標準化語音特徵
汕头_澄海,世讀作細,1,標準化語音特徵
汕头_澄海,前讀作哉,1,標準化語音特徵
汕头_澄海,啼讀作梯,2,標準化語音特徵
汕头_澄海,四讀作細,1,標準化語音特徵
汕头_澄海,四讀細,2,標準化語音特徵
汕头_澄海,天讀作梯,1,標準化語音特徵
汕头_澄海,天讀梯,1,標準化語音特徵
汕头_澄海,套讀挂,1,標準化語音特徵
汕头_澄海,扇讀作細,1,標準化語音特徵
汕头_澄海,文魂近讀 / 臻攝內部近讀,10,標準化語音特徵
汕头_澄海,暫不提取,44,標準化語音特徵
汕头_澄海,書讀資,1,標準化語音特徵
汕头_澄海,有厚近混,20,標準化語音特徵
汕头_澄海,添讀作梯,1,標準化語音特徵
汕头_澄海,牙喉音相關混讀,2,標準化語音特徵
汕头_澄海,耳讀繫,2,標準化語音特徵
汕头_澄海,西讀作腮,1,標準化語音特徵
汕头_澄海,鞋讀哀,1,標準化語音特徵
汕头_澄海,髻讀莊,2,標準化語音特徵
汕头_濠江,世讀作細,1,標準化語音特徵
汕头_濠江,前讀作哉,1,標準化語音特徵
汕头_濠江,啼讀作梯,2,標準化語音特徵
汕头_濠江,四讀作細,1,標準化語音特徵
汕头_濠江,四讀細,1,標準化語音特徵
汕头_濠江,天讀作梯,1,標準化語音特徵
汕头_濠江,扇讀作細,1,標準化語音特徵
汕头_濠江,文魂近讀 / 臻攝內部近讀,2,標準化語音特徵
汕头_濠江,暫不提取,10,標準化語音特徵
汕头_濠江,有厚近混,5,標準化語音特徵
汕头_濠江,添讀作梯,1,標準化語音特徵
汕头_濠江,牙喉音相關混讀,1,標準化語音特徵
汕头_濠江,耳讀繫,1,標準化語音特徵
汕头_濠江,西讀作腮,1,標準化語音特徵
汕头_濠江,髻讀莊,1,標準化語音特徵
汕头_金平,世讀作細,1,標準化語音特徵
汕头_金平,前讀作哉,1,標準化語音特徵
汕头_金平,啼讀作梯,2,標準化語音特徵
汕头_金平,四讀作細,1,標準化語音特徵
汕头_金平,四讀細,1,標準化語音特徵
汕头_金平,天讀作梯,1,標準化語音特徵
汕头_金平,扇讀作細,1,標準化語音特徵
汕头_金平,文魂近讀 / 臻攝內部近讀,2,標準化語音特徵
汕头_金平,暫不提取,10,標準化語音特徵
汕头_金平,有厚近混,5,標準化語音特徵
汕头_金平,添讀作梯,1,標準化語音特徵
汕头_金平,牙喉音相關混讀,1,標準化語音特徵
汕头_金平,耳讀繫,1,標準化語音特徵
汕头_金平,西讀作腮,1,標準化語音特徵
汕头_金平,髻讀莊,1,標準化語音特徵
汕头_龙湖,世讀作細,1,標準化語音特徵
汕头_龙湖,前讀作哉,1,標準化語音特徵
汕头_龙湖,啼讀作梯,2,標準化語音特徵
汕头_龙湖,四讀作細,1,標準化語音特徵
汕头_龙湖,四讀細,1,標準化語音特徵
汕头_龙湖,天讀作梯,1,標準化語音特徵
汕头_龙湖,扇讀作細,1,標準化語音特徵
汕头_龙湖,文魂近讀 / 臻攝內部近讀,2,標準化語音特徵
汕头_龙湖,暫不提取,10,標準化語音特徵
汕头_龙湖,有厚近混,5,標準化語音特徵
汕头_龙湖,添讀作梯,1,標準化語音特徵
汕头_龙湖,牙喉音相關混讀,1,標準化語音特徵
汕头_龙湖,耳讀繫,1,標準化語音特徵
汕头_龙湖,西讀作腮,1,標準化語音特徵
汕头_龙湖,髻讀莊,1,標準化語音特徵
汕尾_海丰,暫不提取,6,標準化語音特徵
汕尾_海丰,耳讀如繫,1,標準化語音特徵
江门_台山,暫不提取,1,標準化語音特徵
江门_台山,豪歌近混,1,標準化語音特徵
江门_开平,平仄相易 / 平仄相反,1,標準化語音特徵
江门_开平,弟讀娣,1,標準化語音特徵
江门_开平,文魂近讀 / 臻攝內部近讀,1,標準化語音特徵
江门_开平,暫不提取,11,標準化語音特徵
江门_开平,有厚近混,1,標準化語音特徵
江门_开平,無讀武,1,標準化語音特徵
江门_开平,知讀如地平聲,1,標準化語音特徵
江门_开平,精莊知章組近混,1,標準化語音特徵
江门_开平,豪歌近混,1,標準化語音特徵
江门_开平,黄王同聲,1,標準化語音特徵
江门_恩平,豪歌近混,1,標準化語音特徵
江门_新会,去聲相關變讀,1,標準化語音特徵
江门_新会,平仄相易 / 平仄相反,2,標準化語音特徵
江门_新会,平聲讀去,4,標準化語音特徵
江门_新会,暫不提取,4,標準化語音特徵
江门_新会,縣內四方不同音,1,標準化語音特徵
江门_新会,豪歌近混,2,標準化語音特徵
江门_江海,去聲相關變讀,1,標準化語音特徵
江门_江海,暫不提取,2,標準化語音特徵
江门_江海,縣內四方不同音,1,標準化語音特徵
江门_江海,豪歌近混,1,標準化語音特徵
江门_蓬江,去聲相關變讀,1,標準化語音特徵
江门_蓬江,暫不提取,2,標準化語音特徵
江门_蓬江,縣內四方不同音,1,標準化語音特徵
江门_蓬江,豪歌近混,1,標準化語音特徵
江门_鹤山,入聲變讀,1,標準化語音特徵
江门_鹤山,平聲讀仄,1,標準化語音特徵
江门_鹤山,平聲讀去,1,標準化語音特徵
江门_鹤山,暫不提取,6,標準化語音特徵
江门_鹤山,有厚近混,3,標準化語音特徵
江门_鹤山,縣內四方不同音,1,標準化語音特徵
江门_鹤山,豪歌近混,1,標準化語音特徵
河源_东源,庚陽近混,1,標準化語音特徵
河源_东源,德麥近讀,1,標準化語音特徵
河源_东源,昔藥近讀,1,標準化語音特徵
河源_东源,暫不提取,4,標準化語音特徵
河源_东源,清陽近讀,1,標準化語音特徵
河源_东源,靜養近讀,1,標準化語音特徵
河源_东源,齊咍近混,2,標準化語音特徵
河源_东源,齊灰近混,1,標準化語音特徵
河源_和平,暫不提取,4,標準化語音特徵
河源_源城,庚陽近混,1,標準化語音特徵
河源_源城,德麥近讀,1,標準化語音特徵
河源_源城,昔藥近讀,1,標準化語音特徵
河源_源城,暫不提取,4,標準化語音特徵
河源_源城,清陽近讀,1,標準化語音特徵
河源_源城,靜養近讀,1,標準化語音特徵
河源_源城,齊咍近混,2,標準化語音特徵
河源_源城,齊灰近混,1,標準化語音特徵
河源_紫金,暫不提取,4,標準化語音特徵
河源_连平,暫不提取,3,標準化語音特徵
河源_龙川,去聲相關變讀,1,標準化語音特徵
河源_龙川,四讀細,1,標準化語音特徵
河源_龙川,暫不提取,10,標準化語音特徵
河源_龙川,肴豪近混,1,標準化語音特徵
深圳_光明,效果近混,1,標準化語音特徵
深圳_南山,效果近混,1,標準化語音特徵
深圳_南山,豪歌近混,2,標準化語音特徵
深圳_坪山,效果近混,1,標準化語音特徵
深圳_宝安,效果近混,1,標準化語音特徵
深圳_盐田,效果近混,1,標準化語音特徵
深圳_福田,效果近混,1,標準化語音特徵
深圳_罗湖,效果近混,1,標準化語音特徵
深圳_龙华,效果近混,1,標準化語音特徵
深圳_龙岗,效果近混,1,標準化語音特徵
清远_佛冈,暫不提取,1,標準化語音特徵
清远_清,上聲相關變讀,6,標準化語音特徵
清远_清,你讀乃里切,1,標準化語音特徵
清远_清,來讀賚平聲,1,標準化語音特徵
清远_清,入聲變讀,4,標準化語音特徵
清远_清,去聲相關變讀,4,標準化語音特徵
清远_清,文魂近讀 / 臻攝內部近讀,1,標準化語音特徵
清远_清,暫不提取,12,標準化語音特徵
清远_清,有厚近混,1,標準化語音特徵
清远_清,民讀如蚊,1,標準化語音特徵
清远_清,民讀抆平聲,1,標準化語音特徵
清远_清,清濁聲母差異或清濁標記,1,標準化語音特徵
清远_清,知讀地平聲,1,標準化語音特徵
清远_清城,上聲相關變讀,6,標準化語音特徵
清远_清城,你讀乃里切,1,標準化語音特徵
清远_清城,來讀賚平聲,1,標準化語音特徵
清远_清城,入聲變讀,4,標準化語音特徵
清远_清城,去聲相關變讀,4,標準化語音特徵
清远_清城,文魂近讀 / 臻攝內部近讀,1,標準化語音特徵
清远_清城,暫不提取,12,標準化語音特徵
清远_清城,民讀如蚊,1,標準化語音特徵
清远_清城,民讀抆平聲,1,標準化語音特徵
清远_清城,清濁聲母差異或清濁標記,1,標準化語音特徵
清远_清城,知讀地平聲,1,標準化語音特徵
清远_英德,暫不提取,1,標準化語音特徵
清远_连南瑶族,暫不提取,1,標準化語音特徵
清远_连山壮族瑶族,暫不提取,1,標準化語音特徵
清远_连州,暫不提取,4,標準化語音特徵
清远_阳山,暫不提取,1,標準化語音特徵
湛江_吴川,平仄相易 / 平仄相反,1,標準化語音特徵
湛江_吴川,文魂近讀 / 臻攝內部近讀,2,標準化語音特徵
湛江_吴川,日母字異讀,1,標準化語音特徵
湛江_吴川,暫不提取,5,標準化語音特徵
湛江_吴川,有厚近混,2,標準化語音特徵
湛江_吴川,精莊知章組近混,2,標準化語音特徵
湛江_吴川,靡匪同音,1,標準化語音特徵
湛江_廉江,平仄相易 / 平仄相反,1,標準化語音特徵
湛江_廉江,文魂近讀 / 臻攝內部近讀,2,標準化語音特徵
湛江_廉江,日母字異讀,1,標準化語音特徵
湛江_廉江,暫不提取,15,標準化語音特徵
湛江_廉江,有厚近混,2,標準化語音特徵
湛江_廉江,精莊知章組近混,2,標準化語音特徵
湛江_廉江,靡匪同音,1,標準化語音特徵
湛江_徐闻,暫不提取,21,標準化語音特徵
湛江_遂溪,暫不提取,13,標準化語音特徵
湛江_雷州,暫不提取,19,標準化語音特徵
潮州_湘桥,世讀作細,1,標準化語音特徵
潮州_湘桥,前讀作哉,1,標準化語音特徵
潮州_湘桥,啼讀作梯,2,標準化語音特徵
潮州_湘桥,四讀作細,1,標準化語音特徵
潮州_湘桥,四讀細,1,標準化語音特徵
潮州_湘桥,天讀作梯,1,標準化語音特徵
潮州_湘桥,扇讀作細,1,標準化語音特徵
潮州_湘桥,文魂近讀 / 臻攝內部近讀,2,標準化語音特徵
潮州_湘桥,暫不提取,12,標準化語音特徵
潮州_湘桥,有厚近混,5,標準化語音特徵
潮州_湘桥,添讀作梯,1,標準化語音特徵
潮州_湘桥,牙喉音相關混讀,1,標準化語音特徵
潮州_湘桥,耳讀繫,1,標準化語音特徵
潮州_湘桥,西讀作腮,1,標準化語音特徵
潮州_湘桥,髻讀莊,1,標準化語音特徵
潮州_潮安,世讀作細,1,標準化語音特徵
潮州_潮安,前讀作哉,1,標準化語音特徵
潮州_潮安,啼讀作梯,2,標準化語音特徵
潮州_潮安,四讀作細,1,標準化語音特徵
潮州_潮安,四讀細,1,標準化語音特徵
潮州_潮安,天讀作梯,1,標準化語音特徵
潮州_潮安,扇讀作細,1,標準化語音特徵
潮州_潮安,文魂近讀 / 臻攝內部近讀,2,標準化語音特徵
潮州_潮安,暫不提取,12,標準化語音特徵
潮州_潮安,有厚近混,5,標準化語音特徵
潮州_潮安,添讀作梯,1,標準化語音特徵
潮州_潮安,牙喉音相關混讀,1,標準化語音特徵
潮州_潮安,耳讀繫,1,標準化語音特徵
潮州_潮安,西讀作腮,1,標準化語音特徵
潮州_潮安,髻讀莊,1,標準化語音特徵
潮州_饶平,世讀作細,1,標準化語音特徵
潮州_饶平,前讀作哉,1,標準化語音特徵
潮州_饶平,啼讀作梯,2,標準化語音特徵
潮州_饶平,四讀作細,1,標準化語音特徵
潮州_饶平,四讀細,1,標準化語音特徵
潮州_饶平,天讀作梯,1,標準化語音特徵
潮州_饶平,扇讀作細,1,標準化語音特徵
潮州_饶平,文魂近讀 / 臻攝內部近讀,2,標準化語音特徵
潮州_饶平,暫不提取,12,標準化語音特徵
潮州_饶平,有厚近混,5,標準化語音特徵
潮州_饶平,添讀作梯,1,標準化語音特徵
潮州_饶平,牙喉音相關混讀,1,標準化語音特徵
潮州_饶平,耳讀繫,1,標準化語音特徵
潮州_饶平,西讀作腮,1,標準化語音特徵
潮州_饶平,髻讀莊,1,標準化語音特徵
珠海_斗门,日母字異讀,2,標準化語音特徵
珠海_斗门,暫不提取,2,標準化語音特徵
珠海_金湾,日母字異讀,2,標準化語音特徵
珠海_金湾,暫不提取,2,標準化語音特徵
珠海_香洲,日母字異讀,2,標準化語音特徵
珠海_香洲,暫不提取,2,標準化語音特徵
肇庆_四会,庚陽近混,2,標準化語音特徵
肇庆_四会,暫不提取,2,標準化語音特徵
肇庆_封开,入聲保存,1,標準化語音特徵
肇庆_封开,去聲相關變讀,3,標準化語音特徵
肇庆_封开,妹讀繆開切,1,標準化語音特徵
肇庆_封开,文魂近讀 / 臻攝內部近讀,2,標準化語音特徵
肇庆_封开,日母字異讀,1,標準化語音特徵
肇庆_封开,暫不提取,19,標準化語音特徵
肇庆_封开,有厚近混,2,標準化語音特徵
肇庆_封开,榃讀若砧下平聲,1,標準化語音特徵
肇庆_封开,清濁聲母差異或清濁標記,3,標準化語音特徵
肇庆_封开,爺讀耶上平聲,1,標準化語音特徵
肇庆_封开,睇讀若體,1,標準化語音特徵
肇庆_封开,細讀紐計切,1,標準化語音特徵
肇庆_封开,調值高下描述,4,標準化語音特徵
肇庆_封开,連讀變調,5,標準化語音特徵
肇庆_封开,陽韻讀如麻韻,1,標準化語音特徵
肇庆_封开,𣕎讀若砧下平聲,1,標準化語音特徵
肇庆_封开,𪜐讀溫卦切,1,標準化語音特徵
肇庆_广宁,暫不提取,2,標準化語音特徵
肇庆_德庆,入聲保存,1,標準化語音特徵
肇庆_德庆,入聲變讀,1,標準化語音特徵
肇庆_德庆,去聲相關變讀,3,標準化語音特徵
肇庆_德庆,妹讀繆開切,1,標準化語音特徵
肇庆_德庆,效攝與遇攝近讀,1,標準化語音特徵
肇庆_德庆,文魂近讀 / 臻攝內部近讀,3,標準化語音特徵
肇庆_德庆,日母字異讀,1,標準化語音特徵
肇庆_德庆,暫不提取,22,標準化語音特徵
肇庆_德庆,有厚近混,4,標準化語音特徵
肇庆_德庆,榃讀若砧下平聲,1,標準化語音特徵
肇庆_德庆,清濁聲母差異或清濁標記,4,標準化語音特徵
肇庆_德庆,爺讀耶上平聲,1,標準化語音特徵
肇庆_德庆,睇讀若體,1,標準化語音特徵
肇庆_德庆,細讀紐計切,1,標準化語音特徵
肇庆_德庆,虞模近混,1,標準化語音特徵
肇庆_德庆,調值高下描述,4,標準化語音特徵
肇庆_德庆,連讀變調,5,標準化語音特徵
肇庆_德庆,陽韻讀如麻韻,1,標準化語音特徵
肇庆_德庆,齒縫音缺失或齒音特徵,1,標準化語音特徵
肇庆_德庆,𣕎讀若砧下平聲,1,標準化語音特徵
肇庆_德庆,𪜐讀溫卦切,1,標準化語音特徵
肇庆_怀集,暫不提取,2,標準化語音特徵
肇庆_端州,暫不提取,2,標準化語音特徵
肇庆_高要,暫不提取,2,標準化語音特徵
肇庆_高要,魚虞支微相通,1,標準化語音特徵
肇庆_鼎湖,暫不提取,2,標準化語音特徵
茂名_信宜,平仄相易 / 平仄相反,3,標準化語音特徵
茂名_信宜,文魂近讀 / 臻攝內部近讀,6,標準化語音特徵
茂名_信宜,日母字異讀,3,標準化語音特徵
茂名_信宜,暫不提取,14,標準化語音特徵
茂名_信宜,有厚近混,6,標準化語音特徵
茂名_信宜,精莊知章組近混,5,標準化語音特徵
茂名_信宜,靡匪同音,3,標準化語音特徵
茂名_化州,平仄相易 / 平仄相反,2,標準化語音特徵
茂名_化州,文魂近讀 / 臻攝內部近讀,4,標準化語音特徵
茂名_化州,日母字異讀,2,標準化語音特徵
茂名_化州,暫不提取,11,標準化語音特徵
茂名_化州,有厚近混,4,標準化語音特徵
茂名_化州,精莊知章組近混,4,標準化語音特徵
茂名_化州,靡匪同音,2,標準化語音特徵
茂名_电白,平仄相易 / 平仄相反,2,標準化語音特徵
茂名_电白,文魂近讀 / 臻攝內部近讀,4,標準化語音特徵
茂名_电白,日母字異讀,2,標準化語音特徵
茂名_电白,暫不提取,14,標準化語音特徵
茂名_电白,有厚近混,4,標準化語音特徵
茂名_电白,精莊知章組近混,4,標準化語音特徵
茂名_电白,靡匪同音,2,標準化語音特徵
茂名_茂南,平仄相易 / 平仄相反,2,標準化語音特徵
茂名_茂南,文魂近讀 / 臻攝內部近讀,4,標準化語音特徵
茂名_茂南,日母字異讀,2,標準化語音特徵
茂名_茂南,暫不提取,9,標準化語音特徵
茂名_茂南,有厚近混,4,標準化語音特徵
茂名_茂南,精莊知章組近混,3,標準化語音特徵
茂名_茂南,靡匪同音,2,標準化語音特徵
茂名_高州,平仄相易 / 平仄相反,3,標準化語音特徵
茂名_高州,文魂近讀 / 臻攝內部近讀,6,標準化語音特徵
茂名_高州,日母字異讀,3,標準化語音特徵
茂名_高州,暫不提取,12,標準化語音特徵
茂名_高州,有厚近混,6,標準化語音特徵
茂名_高州,精莊知章組近混,5,標準化語音特徵
茂名_高州,靡匪同音,3,標準化語音特徵
阳江_江城,冬韻平聲多與官音合,1,標準化語音特徵
阳江_江城,暫不提取,7,標準化語音特徵
阳江_江城,東韻平聲多與官音合,1,標準化語音特徵
阳江_江城,歌韻平聲多與官音合,1,標準化語音特徵
阳江_江城,魚虞支微相通,3,標準化語音特徵
阳江_江城,麻韻平聲多與官音合,1,標準化語音特徵
阳江_江城,齒縫音缺失或齒音特徵,1,標準化語音特徵
阳江_阳东,暫不提取,3,標準化語音特徵
阳江_阳春,暫不提取,3,標準化語音特徵
阳江_阳春,魚虞支微相通,2,標準化語音特徵
阳江_阳西,暫不提取,4,標準化語音特徵
韶关_乐昌,暫不提取,4,標準化語音特徵
韶关_乳源瑶族,暫不提取,4,標準化語音特徵
韶关_仁化,暫不提取,4,標準化語音特徵
韶关_南雄,暫不提取,5,標準化語音特徵
韶关_始兴,暫不提取,4,標準化語音特徵
韶关_新丰,暫不提取,7,標準化語音特徵
韶关_曲江,暫不提取,4,標準化語音特徵
韶关_武江,暫不提取,4,標準化語音特徵
韶关_浈江,暫不提取,4,標準化語音特徵
韶关_翁源,暫不提取,4,標準化語音特徵
东莞_东莞,混合,1,方言類型判斷
东莞_东莞,粵語,96,方言類型判斷
中山_中山,混合,2,方言類型判斷
中山_中山,粵語,4,方言類型判斷
云浮_新兴,粵語,2,方言類型判斷
云浮_罗定,粵語,8,方言類型判斷
佛山_顺德,混合,11,方言類型判斷
佛山_高明,混合,4,方言類型判斷
佛山_高明,粵語,4,方言類型判斷
广州_从化,粵語,48,方言類型判斷
广州_南沙,粵語,48,方言類型判斷
广州_增城,混合,4,方言類型判斷
广州_增城,粵語,63,方言類型判斷
广州_天河,粵語,48,方言類型判斷
广州_海珠,粵語,48,方言類型判斷
广州_番禺,粵語,50,方言類型判斷
广州_白云,粵語,48,方言類型判斷
广州_花都,粵語,48,方言類型判斷
广州_荔湾,粵語,48,方言類型判斷
广州_越秀,粵語,162,方言類型判斷
广州_黄埔,粵語,48,方言類型判斷
惠州_博罗,客家話,1,方言類型判斷
惠州_博罗,混合,10,方言類型判斷
惠州_惠东,混合,7,方言類型判斷
惠州_惠城,客家話,1,方言類型判斷
惠州_惠城,混合,10,方言類型判斷
惠州_惠阳,客家話,4,方言類型判斷
惠州_惠阳,混合,23,方言類型判斷
惠州_龙门,混合,7,方言類型判斷
揭阳_惠来,混合,2,方言類型判斷
揭阳_惠来,閩語,29,方言類型判斷
揭阳_揭东,混合,2,方言類型判斷
揭阳_揭东,閩語,63,方言類型判斷
揭阳_揭西,混合,2,方言類型判斷
揭阳_揭西,閩語,63,方言類型判斷
揭阳_普宁,混合,2,方言類型判斷
揭阳_普宁,閩語,96,方言類型判斷
揭阳_榕城,混合,2,方言類型判斷
揭阳_榕城,閩語,29,方言類型判斷
梅州_丰顺,客家話,86,方言類型判斷
梅州_丰顺,混合,2,方言類型判斷
梅州_五华,客家話,80,方言類型判斷
梅州_五华,混合,2,方言類型判斷
梅州_兴宁,客家話,113,方言類型判斷
梅州_兴宁,混合,2,方言類型判斷
梅州_大埔,客家話,204,方言類型判斷
梅州_大埔,混合,2,方言類型判斷
梅州_平远,客家話,78,方言類型判斷
梅州_平远,混合,2,方言類型判斷
梅州_梅县,客家話,80,方言類型判斷
梅州_梅县,混合,2,方言類型判斷
梅州_梅江,客家話,79,方言類型判斷
梅州_梅江,混合,2,方言類型判斷
梅州_蕉岭,客家話,137,方言類型判斷
梅州_蕉岭,混合,2,方言類型判斷
汕头_南澳,混合,1,方言類型判斷
汕头_南澳,閩語,61,方言類型判斷
汕头_潮南,混合,1,方言類型判斷
汕头_潮南,閩語,29,方言類型判斷
汕头_潮阳,混合,1,方言類型判斷
汕头_潮阳,閩語,54,方言類型判斷
汕头_澄海,混合,1,方言類型判斷
汕头_澄海,閩語,94,方言類型判斷
汕头_濠江,混合,1,方言類型判斷
汕头_濠江,閩語,29,方言類型判斷
汕头_金平,混合,1,方言類型判斷
汕头_金平,閩語,29,方言類型判斷
汕头_龙湖,混合,1,方言類型判斷
汕头_龙湖,閩語,29,方言類型判斷
汕尾_海丰,混合,7,方言類型判斷
江门_台山,粵語,2,方言類型判斷
江门_开平,混合,4,方言類型判斷
江门_开平,粵語,16,方言類型判斷
江门_恩平,粵語,1,方言類型判斷
江门_新会,混合,3,方言類型判斷
江门_新会,粵語,11,方言類型判斷
江门_江海,混合,2,方言類型判斷
江门_江海,粵語,3,方言類型判斷
江门_蓬江,混合,2,方言類型判斷
江门_蓬江,粵語,3,方言類型判斷
江门_鹤山,混合,3,方言類型判斷
江门_鹤山,粵語,11,方言類型判斷
河源_东源,客家話,11,方言類型判斷
河源_东源,混合,1,方言類型判斷
河源_和平,客家話,1,方言類型判斷
河源_和平,混合,3,方言類型判斷
河源_源城,客家話,11,方言類型判斷
河源_源城,混合,1,方言類型判斷
河源_紫金,客家話,3,方言類型判斷
河源_紫金,混合,1,方言類型判斷
河源_连平,客家話,2,方言類型判斷
河源_连平,混合,1,方言類型判斷
河源_龙川,客家話,12,方言類型判斷
河源_龙川,混合,1,方言類型判斷
深圳_光明,粵語,1,方言類型判斷
深圳_南山,粵語,3,方言類型判斷
深圳_坪山,粵語,1,方言類型判斷
深圳_宝安,粵語,1,方言類型判斷
深圳_盐田,粵語,1,方言類型判斷
深圳_福田,粵語,1,方言類型判斷
深圳_罗湖,粵語,1,方言類型判斷
深圳_龙华,粵語,1,方言類型判斷
深圳_龙岗,粵語,1,方言類型判斷
清远_佛冈,混合,1,方言類型判斷
清远_清,混合,2,方言類型判斷
清远_清,粵語,32,方言類型判斷
清远_清城,混合,2,方言類型判斷
清远_清城,粵語,31,方言類型判斷
清远_英德,混合,1,方言類型判斷
清远_连南瑶族,混合,1,方言類型判斷
清远_连山壮族瑶族,混合,1,方言類型判斷
清远_连州,混合,4,方言類型判斷
清远_阳山,混合,1,方言類型判斷
湛江_吴川,混合,12,方言類型判斷
湛江_吴川,粵語,2,方言類型判斷
湛江_廉江,客家話,3,方言類型判斷
湛江_廉江,混合,17,方言類型判斷
湛江_廉江,粵語,4,方言類型判斷
湛江_徐闻,混合,12,方言類型判斷
湛江_徐闻,閩語,9,方言類型判斷
湛江_遂溪,混合,9,方言類型判斷
湛江_遂溪,閩語,4,方言類型判斷
湛江_雷州,混合,14,方言類型判斷
湛江_雷州,閩語,5,方言類型判斷
潮州_湘桥,混合,1,方言類型判斷
潮州_湘桥,閩語,31,方言類型判斷
潮州_潮安,混合,1,方言類型判斷
潮州_潮安,閩語,31,方言類型判斷
潮州_饶平,混合,1,方言類型判斷
潮州_饶平,閩語,31,方言類型判斷
珠海_斗门,混合,2,方言類型判斷
珠海_斗门,粵語,2,方言類型判斷
珠海_金湾,混合,2,方言類型判斷
珠海_金湾,粵語,2,方言類型判斷
珠海_香洲,混合,2,方言類型判斷
珠海_香洲,粵語,2,方言類型判斷
肇庆_四会,粵語,4,方言類型判斷
肇庆_封开,混合,1,方言類型判斷
肇庆_封开,粵語,47,方言類型判斷
肇庆_广宁,粵語,2,方言類型判斷
肇庆_德庆,混合,9,方言類型判斷
肇庆_德庆,粵語,50,方言類型判斷
肇庆_怀集,粵語,2,方言類型判斷
肇庆_端州,粵語,2,方言類型判斷
肇庆_高要,粵語,3,方言類型判斷
肇庆_鼎湖,粵語,2,方言類型判斷
茂名_信宜,客家話,1,方言類型判斷
茂名_信宜,混合,33,方言類型判斷
茂名_信宜,粵語,6,方言類型判斷
茂名_化州,混合,24,方言類型判斷
茂名_化州,粵語,5,方言類型判斷
茂名_电白,混合,27,方言類型判斷
茂名_电白,粵語,5,方言類型判斷
茂名_茂南,混合,20,方言類型判斷
茂名_茂南,粵語,6,方言類型判斷
茂名_高州,混合,32,方言類型判斷
茂名_高州,粵語,6,方言類型判斷
阳江_江城,混合,2,方言類型判斷
阳江_江城,粵語,13,方言類型判斷
阳江_阳东,粵語,3,方言類型判斷
阳江_阳春,粵語,5,方言類型判斷
阳江_阳西,混合,1,方言類型判斷
阳江_阳西,粵語,3,方言類型判斷
韶关_乐昌,混合,4,方言類型判斷
韶关_乳源瑶族,混合,4,方言類型判斷
韶关_仁化,混合,4,方言類型判斷
韶关_南雄,混合,5,方言類型判斷
韶关_始兴,混合,4,方言類型判斷
韶关_新丰,客家話,2,方言類型判斷
韶关_新丰,混合,5,方言類型判斷
韶关_曲江,混合,4,方言類型判斷
韶关_武江,混合,4,方言類型判斷
韶关_浈江,混合,4,方言類型判斷
韶关_翁源,混合,4,方言類型判斷
东莞_东莞,核心區,96,區域傾向
东莞_东莞,粵客接觸區,1,區域傾向
中山_中山,核心區,4,區域傾向
中山_中山,邊緣/過渡區,2,區域傾向
云浮_新兴,核心區,2,區域傾向
云浮_罗定,核心區,8,區域傾向
佛山_顺德,邊緣/過渡區,11,區域傾向
佛山_高明,核心區,1,區域傾向
佛山_高明,邊緣/過渡區,7,區域傾向
广州_从化,核心區,48,區域傾向
广州_南沙,核心區,48,區域傾向
广州_增城,核心區,63,區域傾向
广州_增城,邊緣/過渡區,4,區域傾向
广州_天河,核心區,48,區域傾向
广州_海珠,核心區,48,區域傾向
广州_番禺,核心區,50,區域傾向
广州_白云,核心區,48,區域傾向
广州_花都,核心區,48,區域傾向
广州_荔湾,核心區,48,區域傾向
广州_越秀,核心區,162,區域傾向
广州_黄埔,核心區,48,區域傾向
惠州_博罗,不明,1,區域傾向
惠州_博罗,核心區,1,區域傾向
惠州_博罗,粵客接觸區,6,區域傾向
惠州_博罗,邊緣/過渡區,3,區域傾向
惠州_惠东,不明,1,區域傾向
惠州_惠东,粵客接觸區,6,區域傾向
惠州_惠城,不明,1,區域傾向
惠州_惠城,核心區,1,區域傾向
惠州_惠城,粵客接觸區,6,區域傾向
惠州_惠城,邊緣/過渡區,3,區域傾向
惠州_惠阳,不明,1,區域傾向
惠州_惠阳,核心區,4,區域傾向
惠州_惠阳,粵客接觸區,6,區域傾向
惠州_惠阳,邊緣/過渡區,16,區域傾向
惠州_龙门,不明,1,區域傾向
惠州_龙门,粵客接觸區,6,區域傾向
揭阳_惠来,客閩接觸區,1,區域傾向
揭阳_惠来,核心區,30,區域傾向
揭阳_揭东,客閩接觸區,1,區域傾向
揭阳_揭东,核心區,64,區域傾向
揭阳_揭西,客閩接觸區,1,區域傾向
揭阳_揭西,核心區,64,區域傾向
揭阳_普宁,客閩接觸區,1,區域傾向
揭阳_普宁,核心區,97,區域傾向
揭阳_榕城,客閩接觸區,1,區域傾向
揭阳_榕城,核心區,30,區域傾向
梅州_丰顺,不明,1,區域傾向
梅州_丰顺,核心區,87,區域傾向
梅州_五华,不明,1,區域傾向
梅州_五华,核心區,81,區域傾向
梅州_兴宁,不明,1,區域傾向
梅州_兴宁,核心區,114,區域傾向
梅州_大埔,不明,1,區域傾向
梅州_大埔,核心區,205,區域傾向
梅州_平远,不明,1,區域傾向
梅州_平远,核心區,79,區域傾向
梅州_梅县,不明,1,區域傾向
梅州_梅县,核心區,81,區域傾向
梅州_梅江,不明,1,區域傾向
梅州_梅江,核心區,80,區域傾向
梅州_蕉岭,不明,1,區域傾向
梅州_蕉岭,核心區,138,區域傾向
汕头_南澳,核心區,62,區域傾向
汕头_潮南,核心區,30,區域傾向
汕头_潮阳,核心區,55,區域傾向
汕头_澄海,核心區,95,區域傾向
汕头_濠江,核心區,30,區域傾向
汕头_金平,核心區,30,區域傾向
汕头_龙湖,核心區,30,區域傾向
汕尾_海丰,多方言接觸區,3,區域傾向
汕尾_海丰,粵閩接觸區,4,區域傾向
江门_台山,核心區,2,區域傾向
江门_开平,核心區,16,區域傾向
江门_开平,邊緣/過渡區,4,區域傾向
江门_恩平,核心區,1,區域傾向
江门_新会,核心區,11,區域傾向
江门_新会,邊緣/過渡區,3,區域傾向
江门_江海,核心區,3,區域傾向
江门_江海,邊緣/過渡區,2,區域傾向
江门_蓬江,核心區,3,區域傾向
江门_蓬江,邊緣/過渡區,2,區域傾向
江门_鹤山,核心區,11,區域傾向
江门_鹤山,粵客接觸區,2,區域傾向
江门_鹤山,邊緣/過渡區,1,區域傾向
河源_东源,不明,1,區域傾向
河源_东源,核心區,11,區域傾向
河源_和平,不明,1,區域傾向
河源_和平,核心區,1,區域傾向
河源_和平,邊緣/過渡區,2,區域傾向
河源_源城,不明,1,區域傾向
河源_源城,核心區,11,區域傾向
河源_紫金,不明,1,區域傾向
河源_紫金,核心區,3,區域傾向
河源_连平,不明,2,區域傾向
河源_连平,核心區,1,區域傾向
河源_龙川,不明,1,區域傾向
河源_龙川,核心區,12,區域傾向
深圳_光明,核心區,1,區域傾向
深圳_南山,核心區,3,區域傾向
深圳_坪山,核心區,1,區域傾向
深圳_宝安,核心區,1,區域傾向
深圳_盐田,核心區,1,區域傾向
深圳_福田,核心區,1,區域傾向
深圳_罗湖,核心區,1,區域傾向
深圳_龙华,核心區,1,區域傾向
深圳_龙岗,核心區,1,區域傾向
清远_佛冈,不明,1,區域傾向
清远_清,不明,1,區域傾向
清远_清,核心區,32,區域傾向
清远_清,邊緣/過渡區,1,區域傾向
清远_清城,不明,1,區域傾向
清远_清城,核心區,31,區域傾向
清远_清城,邊緣/過渡區,1,區域傾向
清远_英德,不明,1,區域傾向
清远_连南瑶族,不明,1,區域傾向
清远_连山壮族瑶族,不明,1,區域傾向
清远_连州,不明,1,區域傾向
清远_连州,邊緣/過渡區,3,區域傾向
清远_阳山,不明,1,區域傾向
湛江_吴川,多方言接觸區,10,區域傾向
湛江_吴川,核心區,2,區域傾向
湛江_吴川,邊緣/過渡區,2,區域傾向
湛江_廉江,多方言接觸區,10,區域傾向
湛江_廉江,核心區,6,區域傾向
湛江_廉江,粵閩接觸區,2,區域傾向
湛江_廉江,邊緣/過渡區,6,區域傾向
湛江_徐闻,多方言接觸區,7,區域傾向
湛江_徐闻,粵閩接觸區,14,區域傾向
湛江_遂溪,多方言接觸區,5,區域傾向
湛江_遂溪,粵閩接觸區,8,區域傾向
湛江_雷州,多方言接觸區,5,區域傾向
湛江_雷州,粵閩接觸區,14,區域傾向
潮州_湘桥,核心區,32,區域傾向
潮州_潮安,核心區,32,區域傾向
潮州_饶平,核心區,32,區域傾向
珠海_斗门,核心區,2,區域傾向
珠海_斗门,邊緣/過渡區,2,區域傾向
珠海_金湾,核心區,2,區域傾向
珠海_金湾,邊緣/過渡區,2,區域傾向
珠海_香洲,核心區,2,區域傾向
珠海_香洲,邊緣/過渡區,2,區域傾向
肇庆_四会,核心區,4,區域傾向
肇庆_封开,核心區,47,區域傾向
肇庆_封开,邊緣/過渡區,1,區域傾向
肇庆_广宁,核心區,2,區域傾向
肇庆_德庆,核心區,50,區域傾向
肇庆_德庆,邊緣/過渡區,9,區域傾向
肇庆_怀集,核心區,2,區域傾向
肇庆_端州,核心區,2,區域傾向
肇庆_高要,核心區,3,區域傾向
肇庆_鼎湖,核心區,2,區域傾向
茂名_信宜,多方言接觸區,20,區域傾向
茂名_信宜,核心區,7,區域傾向
茂名_信宜,粵客接觸區,9,區域傾向
茂名_信宜,邊緣/過渡區,4,區域傾向
茂名_化州,多方言接觸區,20,區域傾向
茂名_化州,核心區,5,區域傾向
茂名_化州,邊緣/過渡區,4,區域傾向
茂名_电白,多方言接觸區,20,區域傾向
茂名_电白,核心區,5,區域傾向
茂名_电白,粵閩接觸區,3,區域傾向
茂名_电白,邊緣/過渡區,4,區域傾向
茂名_茂南,多方言接觸區,10,區域傾向
茂名_茂南,核心區,6,區域傾向
茂名_茂南,粵客接觸區,8,區域傾向
茂名_茂南,邊緣/過渡區,2,區域傾向
茂名_高州,多方言接觸區,20,區域傾向
茂名_高州,核心區,6,區域傾向
茂名_高州,粵客接觸區,8,區域傾向
茂名_高州,邊緣/過渡區,4,區域傾向
阳江_江城,核心區,13,區域傾向
阳江_江城,邊緣/過渡區,2,區域傾向
阳江_阳东,核心區,3,區域傾向
阳江_阳春,核心區,5,區域傾向
阳江_阳西,核心區,3,區域傾向
阳江_阳西,粵閩接觸區,1,區域傾向
韶关_乐昌,不明,1,區域傾向
韶关_乐昌,核心區,1,區域傾向
韶关_乐昌,邊緣/過渡區,2,區域傾向
韶关_乳源瑶族,不明,1,區域傾向
韶关_乳源瑶族,核心區,1,區域傾向
韶关_乳源瑶族,邊緣/過渡區,2,區域傾向
韶关_仁化,不明,1,區域傾向
韶关_仁化,核心區,1,區域傾向
韶关_仁化,邊緣/過渡區,2,區域傾向
韶关_南雄,不明,1,區域傾向
韶关_南雄,核心區,2,區域傾向
韶关_南雄,邊緣/過渡區,2,區域傾向
韶关_始兴,不明,1,區域傾向
韶关_始兴,核心區,1,區域傾向
韶关_始兴,邊緣/過渡區,2,區域傾向
韶关_新丰,不明,1,區域傾向
韶关_新丰,核心區,2,區域傾向
韶关_新丰,邊緣/過渡區,4,區域傾向
韶关_曲江,不明,1,區域傾向
韶关_曲江,核心區,1,區域傾向
韶关_曲江,邊緣/過渡區,2,區域傾向
韶关_武江,不明,1,區域傾向
韶关_武江,核心區,1,區域傾向
韶关_武江,邊緣/過渡區,2,區域傾向
韶关_浈江,不明,1,區域傾向
韶关_浈江,核心區,1,區域傾向
韶关_浈江,邊緣/過渡區,2,區域傾向
韶关_翁源,不明,1,區域傾向
韶关_翁源,核心區,1,區域傾向
韶关_翁源,邊緣/過渡區,2,區域傾向
东莞_东莞,粵語區,97,現代方言區參照
中山_中山,粵語區,5,現代方言區參照
中山_中山,閩語區,1,現代方言區參照
云浮_新兴,粵語區,2,現代方言區參照
云浮_罗定,粵語區,8,現代方言區參照
佛山_顺德,粵語區,11,現代方言區參照
佛山_高明,粵語區,8,現代方言區參照
广州_从化,粵語區,48,現代方言區參照
广州_南沙,粵語區,48,現代方言區參照
广州_增城,粵語區,67,現代方言區參照
广州_天河,粵語區,48,現代方言區參照
广州_海珠,粵語區,48,現代方言區參照
广州_番禺,粵語區,50,現代方言區參照
广州_白云,粵語區,48,現代方言區參照
广州_花都,粵語區,48,現代方言區參照
广州_荔湾,粵語區,48,現代方言區參照
广州_越秀,粵語區,162,現代方言區參照
广州_黄埔,粵語區,48,現代方言區參照
惠州_博罗,客家話區,9,現代方言區參照
惠州_博罗,粵客接觸區,2,現代方言區參照
惠州_惠东,客家話區,7,現代方言區參照
惠州_惠城,客家話區,9,現代方言區參照
惠州_惠城,粵客接觸區,2,現代方言區參照
惠州_惠阳,客家話區,25,現代方言區參照
惠州_惠阳,粵客接觸區,2,現代方言區參照
惠州_龙门,客家話區,7,現代方言區參照
揭阳_惠来,閩語區,31,現代方言區參照
揭阳_揭东,閩語區,65,現代方言區參照
揭阳_揭西,閩語區,65,現代方言區參照
揭阳_普宁,閩語區,98,現代方言區參照
揭阳_榕城,閩語區,31,現代方言區參照
梅州_丰顺,客家話區,87,現代方言區參照
梅州_丰顺,閩語區,1,現代方言區參照
梅州_五华,客家話區,81,現代方言區參照
梅州_五华,閩語區,1,現代方言區參照
梅州_兴宁,客家話區,114,現代方言區參照
梅州_兴宁,閩語區,1,現代方言區參照
梅州_大埔,客家話區,205,現代方言區參照
梅州_大埔,閩語區,1,現代方言區參照
梅州_平远,客家話區,79,現代方言區參照
梅州_平远,閩語區,1,現代方言區參照
梅州_梅县,客家話區,81,現代方言區參照
梅州_梅县,閩語區,1,現代方言區參照
梅州_梅江,客家話區,80,現代方言區參照
梅州_梅江,閩語區,1,現代方言區參照
梅州_蕉岭,客家話區,138,現代方言區參照
梅州_蕉岭,閩語區,1,現代方言區參照
汕头_南澳,閩語區,62,現代方言區參照
汕头_潮南,閩語區,30,現代方言區參照
汕头_潮阳,閩語區,55,現代方言區參照
汕头_澄海,閩語區,95,現代方言區參照
汕头_濠江,閩語區,30,現代方言區參照
汕头_金平,閩語區,30,現代方言區參照
汕头_龙湖,閩語區,30,現代方言區參照
汕尾_海丰,多方言接觸區,3,現代方言區參照
汕尾_海丰,客閩接觸區,1,現代方言區參照
汕尾_海丰,閩語區,3,現代方言區參照
江门_台山,粵語區,2,現代方言區參照
江门_开平,粵語區,20,現代方言區參照
江门_恩平,粵語區,1,現代方言區參照
江门_新会,粵語區,14,現代方言區參照
江门_江海,粵語區,5,現代方言區參照
江门_蓬江,粵語區,5,現代方言區參照
江门_鹤山,粵客接觸區,2,現代方言區參照
江门_鹤山,粵語區,12,現代方言區參照
河源_东源,客家話區,12,現代方言區參照
河源_和平,客家話區,4,現代方言區參照
河源_源城,客家話區,12,現代方言區參照
河源_紫金,客家話區,4,現代方言區參照
河源_连平,客家話區,3,現代方言區參照
河源_龙川,客家話區,13,現代方言區參照
深圳_光明,粵語區,1,現代方言區參照
深圳_南山,粵語區,3,現代方言區參照
深圳_坪山,粵語區,1,現代方言區參照
深圳_宝安,粵語區,1,現代方言區參照
深圳_盐田,粵語區,1,現代方言區參照
深圳_福田,粵語區,1,現代方言區參照
深圳_罗湖,粵語區,1,現代方言區參照
深圳_龙华,粵語區,1,現代方言區參照
深圳_龙岗,粵語區,1,現代方言區參照
清远_佛冈,客家話區,1,現代方言區參照
清远_清,客家話區,1,現代方言區參照
清远_清,粵語區,33,現代方言區參照
清远_清城,客家話區,1,現代方言區參照
清远_清城,粵語區,32,現代方言區參照
清远_英德,客家話區,1,現代方言區參照
清远_连南瑶族,客家話區,1,現代方言區參照
清远_连山壮族瑶族,客家話區,1,現代方言區參照
清远_连州,客家話區,2,現代方言區參照
清远_连州,粵語區,2,現代方言區參照
清远_阳山,客家話區,1,現代方言區參照
湛江_吴川,多方言接觸區,10,現代方言區參照
湛江_吴川,客家話區,2,現代方言區參照
湛江_吴川,粵語區,2,現代方言區參照
湛江_廉江,多方言接觸區,11,現代方言區參照
湛江_廉江,客家話區,5,現代方言區參照
湛江_廉江,粵語區,6,現代方言區參照
湛江_廉江,閩語區,2,現代方言區參照
湛江_徐闻,多方言接觸區,13,現代方言區參照
湛江_徐闻,閩語區,8,現代方言區參照
湛江_遂溪,多方言接觸區,7,現代方言區參照
湛江_遂溪,閩語區,6,現代方言區參照
湛江_雷州,多方言接觸區,7,現代方言區參照
湛江_雷州,客家話區,1,現代方言區參照
湛江_雷州,閩語區,11,現代方言區參照
潮州_湘桥,閩語區,32,現代方言區參照
潮州_潮安,閩語區,32,現代方言區參照
潮州_饶平,閩語區,32,現代方言區參照
珠海_斗门,粵語區,3,現代方言區參照
珠海_斗门,閩語區,1,現代方言區參照
珠海_金湾,粵語區,3,現代方言區參照
珠海_金湾,閩語區,1,現代方言區參照
珠海_香洲,粵語區,3,現代方言區參照
珠海_香洲,閩語區,1,現代方言區參照
肇庆_四会,粵語區,4,現代方言區參照
肇庆_封开,粵語區,48,現代方言區參照
肇庆_广宁,粵語區,2,現代方言區參照
肇庆_德庆,粵語區,59,現代方言區參照
肇庆_怀集,粵語區,2,現代方言區參照
肇庆_端州,粵語區,2,現代方言區參照
肇庆_高要,粵語區,3,現代方言區參照
肇庆_鼎湖,粵語區,2,現代方言區參照
茂名_信宜,多方言接觸區,20,現代方言區參照
茂名_信宜,客家話區,5,現代方言區參照
茂名_信宜,粵客接觸區,9,現代方言區參照
茂名_信宜,粵語區,6,現代方言區參照
茂名_化州,多方言接觸區,20,現代方言區參照
茂名_化州,客家話區,4,現代方言區參照
茂名_化州,粵語區,5,現代方言區參照
茂名_电白,多方言接觸區,20,現代方言區參照
茂名_电白,客家話區,4,現代方言區參照
茂名_电白,粵語區,5,現代方言區參照
茂名_电白,粵閩接觸區,2,現代方言區參照
茂名_电白,閩語區,1,現代方言區參照
茂名_茂南,多方言接觸區,10,現代方言區參照
茂名_茂南,客家話區,2,現代方言區參照
茂名_茂南,粵客接觸區,8,現代方言區參照
茂名_茂南,粵語區,6,現代方言區參照
茂名_高州,多方言接觸區,20,現代方言區參照
茂名_高州,客家話區,4,現代方言區參照
茂名_高州,粵客接觸區,8,現代方言區參照
茂名_高州,粵語區,6,現代方言區參照
阳江_江城,粵語區,15,現代方言區參照
阳江_阳东,粵語區,3,現代方言區參照
阳江_阳春,粵語區,5,現代方言區參照
阳江_阳西,粵語區,3,現代方言區參照
阳江_阳西,粵閩接觸區,1,現代方言區參照
韶关_乐昌,客家話區,2,現代方言區參照
韶关_乐昌,粵語區,2,現代方言區參照
韶关_乳源瑶族,客家話區,2,現代方言區參照
韶关_乳源瑶族,粵語區,2,現代方言區參照
韶关_仁化,客家話區,2,現代方言區參照
韶关_仁化,粵語區,2,現代方言區參照
韶关_南雄,客家話區,3,現代方言區參照
韶关_南雄,粵語區,2,現代方言區參照
韶关_始兴,客家話區,2,現代方言區參照
韶关_始兴,粵語區,2,現代方言區參照
韶关_新丰,客家話區,5,現代方言區參照
韶关_新丰,粵語區,2,現代方言區參照
韶关_曲江,客家話區,2,現代方言區參照
韶关_曲江,粵語區,2,現代方言區參照
韶关_武江,客家話區,2,現代方言區參照
韶关_武江,粵語區,2,現代方言區參照
韶关_浈江,客家話區,2,現代方言區參照
韶关_浈江,粵語區,2,現代方言區參照
韶关_翁源,客家話區,2,現代方言區參照
韶关_翁源,粵語區,2,現代方言區參照
东莞_东莞,延續,59,古今關係
东莞_东莞,弱延續,37,古今關係
东莞_东莞,接觸,1,古今關係
中山_中山,延續,3,古今關係
中山_中山,弱延續,1,古今關係
中山_中山,接觸,2,古今關係
云浮_新兴,延續,2,古今關係
云浮_罗定,延續,6,古今關係
云浮_罗定,弱延續,2,古今關係
佛山_顺德,接觸,11,古今關係
佛山_高明,弱延續,4,古今關係
佛山_高明,接觸,4,古今關係
广州_从化,延續,29,古今關係
广州_从化,弱延續,19,古今關係
广州_南沙,延續,29,古今關係
广州_南沙,弱延續,19,古今關係
广州_增城,延續,36,古今關係
广州_增城,弱延續,27,古今關係
广州_增城,接觸,4,古今關係
广州_天河,延續,29,古今關係
广州_天河,弱延續,19,古今關係
广州_海珠,延續,29,古今關係
广州_海珠,弱延續,19,古今關係
广州_番禺,延續,31,古今關係
广州_番禺,弱延續,19,古今關係
广州_白云,延續,29,古今關係
广州_白云,弱延續,19,古今關係
广州_花都,延續,29,古今關係
广州_花都,弱延續,19,古今關係
广州_荔湾,延續,29,古今關係
广州_荔湾,弱延續,19,古今關係
广州_越秀,延續,87,古今關係
广州_越秀,弱延續,75,古今關係
广州_黄埔,延續,29,古今關係
广州_黄埔,弱延續,19,古今關係
惠州_博罗,弱延續,1,古今關係
惠州_博罗,接觸,10,古今關係
惠州_惠东,接觸,7,古今關係
惠州_惠城,弱延續,1,古今關係
惠州_惠城,接觸,10,古今關係
惠州_惠阳,延續,2,古今關係
惠州_惠阳,弱延續,2,古今關係
惠州_惠阳,接觸,23,古今關係
惠州_龙门,接觸,7,古今關係
揭阳_惠来,延續,20,古今關係
揭阳_惠来,弱延續,9,古今關係
揭阳_惠来,接觸,2,古今關係
揭阳_揭东,延續,38,古今關係
揭阳_揭东,弱延續,25,古今關係
揭阳_揭东,接觸,2,古今關係
揭阳_揭西,延續,38,古今關係
揭阳_揭西,弱延續,25,古今關係
揭阳_揭西,接觸,2,古今關係
揭阳_普宁,延續,52,古今關係
揭阳_普宁,弱延續,44,古今關係
揭阳_普宁,接觸,2,古今關係
揭阳_榕城,延續,20,古今關係
揭阳_榕城,弱延續,9,古今關係
揭阳_榕城,接觸,2,古今關係
梅州_丰顺,延續,57,古今關係
梅州_丰顺,弱延續,29,古今關係
梅州_丰顺,接觸,2,古今關係
梅州_五华,延續,49,古今關係
梅州_五华,弱延續,31,古今關係
梅州_五华,接觸,2,古今關係
梅州_兴宁,延續,70,古今關係
梅州_兴宁,弱延續,43,古今關係
梅州_兴宁,接觸,2,古今關係
梅州_大埔,延續,149,古今關係
梅州_大埔,弱延續,55,古今關係
梅州_大埔,接觸,2,古今關係
梅州_平远,延續,49,古今關係
梅州_平远,弱延續,29,古今關係
梅州_平远,接觸,2,古今關係
梅州_梅县,延續,50,古今關係
梅州_梅县,弱延續,30,古今關係
梅州_梅县,接觸,2,古今關係
梅州_梅江,延續,49,古今關係
梅州_梅江,弱延續,30,古今關係
梅州_梅江,接觸,2,古今關係
梅州_蕉岭,延續,81,古今關係
梅州_蕉岭,弱延續,56,古今關係
梅州_蕉岭,接觸,2,古今關係
汕头_南澳,延續,37,古今關係
汕头_南澳,弱延續,24,古今關係
汕头_南澳,接觸,1,古今關係
汕头_潮南,延續,20,古今關係
汕头_潮南,弱延續,9,古今關係
汕头_潮南,接觸,1,古今關係
汕头_潮阳,延續,32,古今關係
汕头_潮阳,弱延續,22,古今關係
汕头_潮阳,接觸,1,古今關係
汕头_澄海,延續,51,古今關係
汕头_澄海,弱延續,43,古今關係
汕头_澄海,接觸,1,古今關係
汕头_濠江,延續,20,古今關係
汕头_濠江,弱延續,9,古今關係
汕头_濠江,接觸,1,古今關係
汕头_金平,延續,20,古今關係
汕头_金平,弱延續,9,古今關係
汕头_金平,接觸,1,古今關係
汕头_龙湖,延續,20,古今關係
汕头_龙湖,弱延續,9,古今關係
汕头_龙湖,接觸,1,古今關係
汕尾_海丰,接觸,7,古今關係
江门_台山,延續,1,古今關係
江门_台山,弱延續,1,古今關係
江门_开平,延續,9,古今關係
江门_开平,弱延續,7,古今關係
江门_开平,接觸,4,古今關係
江门_恩平,延續,1,古今關係
江门_新会,延續,9,古今關係
江门_新会,弱延續,2,古今關係
江门_新会,接觸,3,古今關係
江门_江海,延續,2,古今關係
江门_江海,弱延續,1,古今關係
江门_江海,接觸,2,古今關係
江门_蓬江,延續,2,古今關係
江门_蓬江,弱延續,1,古今關係
江门_蓬江,接觸,2,古今關係
江门_鹤山,延續,7,古今關係
江门_鹤山,弱延續,4,古今關係
江门_鹤山,接觸,3,古今關係
河源_东源,延續,8,古今關係
河源_东源,弱延續,3,古今關係
河源_东源,接觸,1,古今關係
河源_和平,弱延續,1,古今關係
河源_和平,接觸,3,古今關係
河源_源城,延續,8,古今關係
河源_源城,弱延續,3,古今關係
河源_源城,接觸,1,古今關係
河源_紫金,弱延續,3,古今關係
河源_紫金,接觸,1,古今關係
河源_连平,不明,1,古今關係
河源_连平,弱延續,1,古今關係
河源_连平,接觸,1,古今關係
河源_龙川,延續,3,古今關係
河源_龙川,弱延續,9,古今關係
河源_龙川,接觸,1,古今關係
深圳_光明,延續,1,古今關係
深圳_南山,延續,3,古今關係
深圳_坪山,延續,1,古今關係
深圳_宝安,延續,1,古今關係
深圳_盐田,延續,1,古今關係
深圳_福田,延續,1,古今關係
深圳_罗湖,延續,1,古今關係
深圳_龙华,延續,1,古今關係
深圳_龙岗,延續,1,古今關係
清远_佛冈,接觸,1,古今關係
清远_清,延續,22,古今關係
清远_清,弱延續,10,古今關係
清远_清,接觸,2,古今關係
清远_清城,延續,21,古今關係
清远_清城,弱延續,10,古今關係
清远_清城,接觸,2,古今關係
清远_英德,接觸,1,古今關係
清远_连南瑶族,接觸,1,古今關係
清远_连山壮族瑶族,接觸,1,古今關係
清远_连州,接觸,4,古今關係
清远_阳山,接觸,1,古今關係
湛江_吴川,弱延續,2,古今關係
湛江_吴川,接觸,12,古今關係
湛江_廉江,弱延續,7,古今關係
湛江_廉江,接觸,17,古今關係
湛江_徐闻,接觸,21,古今關係
湛江_遂溪,接觸,13,古今關係
湛江_雷州,接觸,19,古今關係
潮州_湘桥,延續,20,古今關係
潮州_湘桥,弱延續,11,古今關係
潮州_湘桥,接觸,1,古今關係
潮州_潮安,延續,20,古今關係
潮州_潮安,弱延續,11,古今關係
潮州_潮安,接觸,1,古今關係
潮州_饶平,延續,20,古今關係
潮州_饶平,弱延續,11,古今關係
潮州_饶平,接觸,1,古今關係
珠海_斗门,延續,2,古今關係
珠海_斗门,接觸,2,古今關係
珠海_金湾,延續,2,古今關係
珠海_金湾,接觸,2,古今關係
珠海_香洲,延續,2,古今關係
珠海_香洲,接觸,2,古今關係
肇庆_四会,延續,2,古今關係
肇庆_四会,弱延續,2,古今關係
肇庆_封开,延續,29,古今關係
肇庆_封开,弱延續,18,古今關係
肇庆_封开,接觸,1,古今關係
肇庆_广宁,弱延續,2,古今關係
肇庆_德庆,延續,32,古今關係
肇庆_德庆,弱延續,18,古今關係
肇庆_德庆,接觸,9,古今關係
肇庆_怀集,弱延續,2,古今關係
肇庆_端州,弱延續,2,古今關係
肇庆_高要,延續,1,古今關係
肇庆_高要,弱延續,2,古今關係
肇庆_鼎湖,弱延續,2,古今關係
茂名_信宜,弱延續,7,古今關係
茂名_信宜,接觸,33,古今關係
茂名_化州,弱延續,5,古今關係
茂名_化州,接觸,24,古今關係
茂名_电白,弱延續,5,古今關係
茂名_电白,接觸,27,古今關係
茂名_茂南,弱延續,6,古今關係
茂名_茂南,接觸,20,古今關係
茂名_高州,弱延續,6,古今關係
茂名_高州,接觸,32,古今關係
阳江_江城,延續,8,古今關係
阳江_江城,弱延續,5,古今關係
阳江_江城,接觸,2,古今關係
阳江_阳东,弱延續,3,古今關係
阳江_阳春,延續,2,古今關係
阳江_阳春,弱延續,3,古今關係
阳江_阳西,弱延續,3,古今關係
阳江_阳西,接觸,1,古今關係
韶关_乐昌,接觸,4,古今關係
韶关_乳源瑶族,接觸,4,古今關係
韶关_仁化,接觸,4,古今關係
韶关_南雄,接觸,5,古今關係
韶关_始兴,接觸,4,古今關係
韶关_新丰,弱延續,2,古今關係
韶关_新丰,接觸,5,古今關係
韶关_曲江,接觸,4,古今關係
韶关_武江,接觸,4,古今關係
韶关_浈江,接觸,4,古今關係
韶关_翁源,接觸,4,古今關係
东莞_东莞,A,44,證據等級
东莞_东莞,B,15,證據等級
东莞_东莞,C,38,證據等級
中山_中山,B,3,證據等級
中山_中山,C,3,證據等級
云浮_新兴,B,2,證據等級
云浮_罗定,A,3,證據等級
云浮_罗定,B,3,證據等級
云浮_罗定,C,2,證據等級
佛山_顺德,A,1,證據等級
佛山_顺德,C,10,證據等級
佛山_高明,C,8,證據等級
广州_从化,A,10,證據等級
广州_从化,B,19,證據等級
广州_从化,C,19,證據等級
广州_南沙,A,10,證據等級
广州_南沙,B,19,證據等級
广州_南沙,C,19,證據等級
广州_增城,A,17,證據等級
广州_增城,B,19,證據等級
广州_增城,C,31,證據等級
广州_天河,A,10,證據等級
广州_天河,B,19,證據等級
广州_天河,C,19,證據等級
广州_海珠,A,10,證據等級
广州_海珠,B,19,證據等級
广州_海珠,C,19,證據等級
广州_番禺,A,10,證據等級
广州_番禺,B,21,證據等級
广州_番禺,C,19,證據等級
广州_白云,A,10,證據等級
广州_白云,B,19,證據等級
广州_白云,C,19,證據等級
广州_花都,A,10,證據等級
广州_花都,B,19,證據等級
广州_花都,C,19,證據等級
广州_荔湾,A,10,證據等級
广州_荔湾,B,19,證據等級
广州_荔湾,C,19,證據等級
广州_越秀,A,39,證據等級
广州_越秀,B,48,證據等級
广州_越秀,C,75,證據等級
广州_黄埔,A,10,證據等級
广州_黄埔,B,19,證據等級
广州_黄埔,C,19,證據等級
惠州_博罗,B,4,證據等級
惠州_博罗,C,7,證據等級
惠州_惠东,B,4,證據等級
惠州_惠东,C,3,證據等級
惠州_惠城,B,4,證據等級
惠州_惠城,C,7,證據等級
惠州_惠阳,A,5,證據等級
惠州_惠阳,B,9,證據等級
惠州_惠阳,C,13,證據等級
惠州_龙门,B,4,證據等級
惠州_龙门,C,3,證據等級
揭阳_惠来,A,14,證據等級
揭阳_惠来,B,6,證據等級
揭阳_惠来,C,11,證據等級
揭阳_揭东,A,21,證據等級
揭阳_揭东,B,17,證據等級
揭阳_揭东,C,27,證據等級
揭阳_揭西,A,21,證據等級
揭阳_揭西,B,17,證據等級
揭阳_揭西,C,27,證據等級
揭阳_普宁,A,35,證據等級
揭阳_普宁,B,17,證據等級
揭阳_普宁,C,46,證據等級
揭阳_榕城,A,14,證據等級
揭阳_榕城,B,6,證據等級
揭阳_榕城,C,11,證據等級
梅州_丰顺,A,26,證據等級
梅州_丰顺,B,31,證據等級
梅州_丰顺,C,31,證據等級
梅州_五华,A,20,證據等級
梅州_五华,B,29,證據等級
梅州_五华,C,33,證據等級
梅州_兴宁,A,32,證據等級
梅州_兴宁,B,38,證據等級
梅州_兴宁,C,45,證據等級
梅州_大埔,A,102,證據等級
梅州_大埔,B,47,證據等級
梅州_大埔,C,57,證據等級
梅州_平远,A,20,證據等級
梅州_平远,B,29,證據等級
梅州_平远,C,31,證據等級
梅州_梅县,A,21,證據等級
梅州_梅县,B,29,證據等級
梅州_梅县,C,32,證據等級
梅州_梅江,A,20,證據等級
梅州_梅江,B,29,證據等級
梅州_梅江,C,32,證據等級
梅州_蕉岭,A,43,證據等級
梅州_蕉岭,B,38,證據等級
梅州_蕉岭,C,58,證據等級
汕头_南澳,A,15,證據等級
汕头_南澳,B,22,證據等級
汕头_南澳,C,25,證據等級
汕头_潮南,A,14,證據等級
汕头_潮南,B,6,證據等級
汕头_潮南,C,10,證據等級
汕头_潮阳,A,14,證據等級
汕头_潮阳,B,18,證據等級
汕头_潮阳,C,23,證據等級
汕头_澄海,A,15,證據等級
汕头_澄海,B,36,證據等級
汕头_澄海,C,44,證據等級
汕头_濠江,A,14,證據等級
汕头_濠江,B,6,證據等級
汕头_濠江,C,10,證據等級
汕头_金平,A,14,證據等級
汕头_金平,B,6,證據等級
汕头_金平,C,10,證據等級
汕头_龙湖,A,14,證據等級
汕头_龙湖,B,6,證據等級
汕头_龙湖,C,10,證據等級
汕尾_海丰,B,1,證據等級
汕尾_海丰,C,6,證據等級
江门_台山,B,1,證據等級
江门_台山,C,1,證據等級
江门_开平,A,2,證據等級
江门_开平,B,7,證據等級
江门_开平,C,11,證據等級
江门_恩平,B,1,證據等級
江门_新会,B,10,證據等級
江门_新会,C,4,證據等級
江门_江海,B,3,證據等級
江门_江海,C,2,證據等級
江门_蓬江,B,3,證據等級
江门_蓬江,C,2,證據等級
江门_鹤山,A,4,證據等級
江门_鹤山,B,4,證據等級
江门_鹤山,C,6,證據等級
河源_东源,B,8,證據等級
河源_东源,C,4,證據等級
河源_和平,C,4,證據等級
河源_源城,B,8,證據等級
河源_源城,C,4,證據等級
河源_紫金,C,4,證據等級
河源_连平,C,3,證據等級
河源_龙川,A,1,證據等級
河源_龙川,B,2,證據等級
河源_龙川,C,10,證據等級
深圳_光明,B,1,證據等級
深圳_南山,B,3,證據等級
深圳_坪山,B,1,證據等級
深圳_宝安,B,1,證據等級
深圳_盐田,B,1,證據等級
深圳_福田,B,1,證據等級
深圳_罗湖,B,1,證據等級
深圳_龙华,B,1,證據等級
深圳_龙岗,B,1,證據等級
清远_佛冈,C,1,證據等級
清远_清,A,14,證據等級
清远_清,B,8,證據等級
清远_清,C,12,證據等級
清远_清城,A,13,證據等級
清远_清城,B,8,證據等級
清远_清城,C,12,證據等級
清远_英德,C,1,證據等級
清远_连南瑶族,C,1,證據等級
清远_连山壮族瑶族,C,1,證據等級
清远_连州,C,4,證據等級
清远_阳山,C,1,證據等級
湛江_吴川,A,8,證據等級
湛江_吴川,B,1,證據等級
湛江_吴川,C,5,證據等級
湛江_廉江,A,8,證據等級
湛江_廉江,B,1,證據等級
湛江_廉江,C,15,證據等級
湛江_徐闻,C,21,證據等級
湛江_遂溪,C,13,證據等級
湛江_雷州,C,19,證據等級
潮州_湘桥,A,14,證據等級
潮州_湘桥,B,6,證據等級
潮州_湘桥,C,12,證據等級
潮州_潮安,A,14,證據等級
潮州_潮安,B,6,證據等級
潮州_潮安,C,12,證據等級
潮州_饶平,A,14,證據等級
潮州_饶平,B,6,證據等級
潮州_饶平,C,12,證據等級
珠海_斗门,B,2,證據等級
珠海_斗门,C,2,證據等級
珠海_金湾,B,2,證據等級
珠海_金湾,C,2,證據等級
珠海_香洲,B,2,證據等級
珠海_香洲,C,2,證據等級
肇庆_四会,A,2,證據等級
肇庆_四会,C,2,證據等級
肇庆_封开,A,18,證據等級
肇庆_封开,B,11,證據等級
肇庆_封开,C,19,證據等級
肇庆_广宁,C,2,證據等級
肇庆_德庆,A,21,證據等級
肇庆_德庆,B,16,證據等級
肇庆_德庆,C,22,證據等級
肇庆_怀集,C,2,證據等級
肇庆_端州,C,2,證據等級
肇庆_高要,B,1,證據等級
肇庆_高要,C,2,證據等級
肇庆_鼎湖,C,2,證據等級
茂名_信宜,A,23,證據等級
茂名_信宜,B,3,證據等級
茂名_信宜,C,14,證據等級
茂名_化州,A,16,證據等級
茂名_化州,B,2,證據等級
茂名_化州,C,11,證據等級
茂名_电白,A,16,證據等級
茂名_电白,B,2,證據等級
茂名_电白,C,14,證據等級
茂名_茂南,A,15,證據等級
茂名_茂南,B,2,證據等級
茂名_茂南,C,9,證據等級
茂名_高州,A,23,證據等級
茂名_高州,B,3,證據等級
茂名_高州,C,12,證據等級
阳江_江城,B,8,證據等級
阳江_江城,C,7,證據等級
阳江_阳东,C,3,證據等級
阳江_阳春,B,2,證據等級
阳江_阳春,C,3,證據等級
阳江_阳西,C,4,證據等級
韶关_乐昌,C,4,證據等級
韶关_乳源瑶族,C,4,證據等級
韶关_仁化,C,4,證據等級
韶关_南雄,C,5,證據等級
韶关_始兴,C,4,證據等級
韶关_新丰,C,7,證據等級
韶关_曲江,C,4,證據等級
韶关_武江,C,4,證據等級
韶关_浈江,C,4,證據等級
韶关_翁源,C,4,證據等級
